20220101,4,1,1,1,3,P20220101-0001,57,220.000,Shipped
20220101,11,37,34,2,12,P20220101-0189,41,189.200,Shipped
20220102,15,23,21,1,7,P20220102-0739,47,225.500,Packed
20220103,10,21,19,1,10,P20220103-0413,45,189.000,Shipped
20220104,6,4,16,1,13,P20220104-0721,46,229.500,Shipped
20220107,18,63,60,3,6,P20220107-0242,57,175.500,Packed
20220108,8,49,46,3,4,P20220108-0380,48,171.000,Shipped
20220109,4,32,29,2,2,P20220109-0977,51,170.000,Packed
20220113,16,39,36,3,12,P20220113-0611,46,212.000,Shipped
20220114,17,12,10,3,5,P20220114-0410,48,168.300,Shipped
20220115,5,18,23,3,12,P20220115-0887,47,196.000,Loaded
20220115,10,59,55,2,13,P20220115-0684,55,227.900,Shipped
20220118,2,12,7,1,4,P20220118-0552,50,151.200,Loaded
20220118,7,45,42,2,5,P20220118-0903,47,208.800,Shipped
20220121,4,3,5,1,10,P20220121-0849,51,185.000,Shipped
20220122,6,55,52,1,3,P20220122-0832,45,197.800,Loaded
20220125,3,2,3,1,6,P20220125-0777,55,207.000,Packed
20220126,5,49,45,3,2,P20220126-0774,53,165.000,Shipped
20220127,16,54,51,2,13,P20220127-0407,50,192.400,Shipped
20220129,5,49,45,3,11,P20220129-0924,50,225.500,Shipped
20220130,10,18,22,3,14,P20220130-0831,51,153.600,Shipped
20220131,1,34,31,3,12,P20220131-0823,53,180.000,Packed
20220202,8,18,23,3,15,P20220202-0420,43,205.000,Shipped
20220202,8,63,60,3,12,P20220202-0134,56,198.000,Loaded
20220202,11,22,20,2,2,P20220202-0483,46,247.800,Loaded
20220202,17,2,4,3,2,P20220202-0012,54,152.000,Shipped
20220203,3,53,50,1,2,P20220203-0370,44,184.800,Loaded
20220204,18,36,33,1,7,P20220204-0222,58,141.900,Loaded
20220205,6,43,40,1,7,P20220205-0795,54,247.500,Shipped
20220213,17,56,53,3,8,P20220213-0591,50,208.000,Loaded
20220215,10,12,7,1,10,P20220215-0216,51,170.200,Packed
20220215,13,42,38,2,10,P20220215-0424,40,230.100,Shipped
20220216,2,59,56,2,3,P20220216-0851,45,141.900,Shipped
20220216,3,36,32,1,12,P20220216-0208,41,247.500,Packed
20220216,5,37,34,2,4,P20220216-0050,57,167.200,Packed
20220218,12,26,24,3,13,P20220218-0476,46,197.800,Shipped
20220220,15,36,33,1,7,P20220220-0065,42,166.600,Packed
20220222,10,33,30,1,4,P20220222-0929,50,217.300,Packed
20220223,6,43,40,1,7,P20220223-0009,52,236.500,Packed
20220226,18,2,4,3,10,P20220226-0271,58,236.000,Shipped
20220227,15,16,14,2,7,P20220227-0077,45,169.600,Shipped
20220302,11,36,32,1,10,P20220302-0602,47,143.500,Shipped
20220303,5,46,43,1,10,P20220303-0449,47,190.400,Loaded
20220305,18,3,6,2,9,P20220305-0994,50,154.000,Loaded
20220308,5,49,45,3,2,P20220308-0748,49,221.400,Shipped
20220308,11,12,7,1,6,P20220308-0045,57,236.000,Shipped
20220310,15,54,51,2,8,P20220310-0188,46,219.300,Loaded
20220311,14,56,53,3,8,P20220311-0384,44,147.600,Loaded
20220312,6,51,48,1,1,P20220312-0651,40,210.000,Shipped
20220315,3,49,46,3,4,P20220315-0547,49,185.600,Shipped
20220315,8,7,18,1,14,P20220315-0453,50,227.900,Loaded
20220315,13,51,48,1,6,P20220315-0955,41,208.800,Loaded
20220317,1,59,55,2,8,P20220317-0527,49,217.300,Shipped
20220317,15,47,44,1,10,P20220317-0173,48,166.600,Shipped
20220320,13,34,31,3,2,P20220320-0687,48,184.500,Shipped
20220323,9,36,32,1,1,P20220323-0129,45,192.400,Packed
20220324,12,12,7,1,9,P20220324-0245,50,246.400,Shipped
20220325,14,22,20,2,7,P20220325-0073,52,190.400,Packed
20220325,15,26,25,3,13,P20220325-0884,53,147.000,Packed
20220326,4,40,37,1,12,P20220326-0636,44,197.200,Shipped
20220328,5,4,16,1,2,P20220328-0030,54,207.000,Loaded
20220328,13,4,15,3,3,P20220328-0933,43,150.500,Packed
20220330,6,22,20,2,4,P20220330-0929,57,197.200,Shipped
20220403,1,52,49,3,8,P20220403-0302,59,185.000,Shipped
20220408,17,49,46,3,9,P20220408-0108,48,168.000,Packed
20220409,4,7,17,4,1,P20220409-0261,44,214.600,Shipped
20220410,1,44,41,3,5,P20220410-0288,46,156.000,Shipped
20220410,8,1,1,1,2,P20220410-0674,46,233.200,Packed
20220412,4,12,10,3,9,P20220412-0726,59,202.400,Loaded
20220413,12,52,49,3,5,P20220413-0631,59,172.000,Shipped
20220414,1,26,25,3,1,P20220414-0906,45,184.800,Shipped
20220414,1,43,40,1,11,P20220414-0428,57,265.500,Shipped
20220414,18,32,29,2,6,P20220414-0632,54,184.500,Shipped
20220417,7,37,34,2,13,P20220417-0871,48,151.700,Loaded
20220417,9,12,9,3,1,P20220417-0487,51,197.400,Shipped
20220418,2,34,31,3,3,P20220418-0741,43,221.400,Shipped
20220418,8,37,34,2,8,P20220418-0853,52,192.000,Packed
20220420,2,38,35,1,15,P20220420-0456,57,238.500,Packed
20220422,14,23,21,1,12,P20220422-0336,53,224.000,Shipped
20220424,6,26,24,3,11,P20220424-0579,55,184.800,Loaded
20220424,11,1,2,3,1,P20220424-0202,56,262.200,Loaded
20220424,16,12,8,1,3,P20220424-0759,58,249.400,Loaded
20220426,12,42,39,2,6,P20220426-0244,59,196.800,Packed
20220426,18,4,16,1,2,P20220426-0647,41,173.900,Shipped
20220507,2,1,2,3,12,P20220507-0245,51,217.300,Packed
20220508,3,45,42,2,10,P20220508-0636,59,210.000,Shipped
20220508,6,59,56,2,5,P20220508-0267,53,151.700,Shipped
20220516,9,12,8,1,8,P20220516-0777,42,193.200,Packed
20220518,8,51,48,1,8,P20220518-0938,58,216.000,Shipped
20220521,13,12,7,1,2,P20220521-0795,45,205.800,Packed
20220522,4,43,40,1,4,P20220522-0933,46,187.200,Loaded
20220524,7,43,40,1,2,P20220524-0203,45,218.400,Shipped
20220525,9,14,11,1,5,P20220525-0720,55,216.600,Loaded
20220526,1,57,54,1,5,P20220526-0294,45,185.600,Packed
20220528,1,59,55,2,11,P20220528-0070,57,163.200,Shipped
20220528,14,26,26,3,4,P20220528-0677,54,204.000,Shipped
20220528,14,36,33,1,5,P20220528-0942,49,206.800,Shipped
20220530,3,61,58,2,15,P20220530-0073,45,164.500,Shipped
20220530,13,51,48,1,11,P20220530-0430,51,150.500,Loaded
20220531,18,60,57,1,11,P20220531-0152,55,184.800,Packed
20220603,5,55,52,1,12,P20220603-0976,54,163.200,Packed
20220604,11,22,20,2,7,P20220604-0957,55,230.000,Packed
20220604,17,3,5,1,2,P20220604-0430,45,211.200,Shipped
20220607,11,26,26,3,15,P20220607-0611,43,154.800,Shipped
20220609,8,49,46,3,5,P20220609-0211,59,180.400,Shipped
20220611,4,46,43,1,5,P20220611-0744,42,255.200,Loaded
20220613,18,51,48,1,7,P20220613-0483,57,191.100,Packed
20220616,16,54,51,2,15,P20220616-0736,52,183.600,Shipped
20220616,17,36,32,1,4,P20220616-0037,55,215.000,Packed
20220617,3,54,51,2,13,P20220617-0970,53,239.400,Shipped
20220618,1,18,22,3,10,P20220618-0483,56,176.000,Loaded
20220618,18,7,18,1,5,P20220618-0496,45,253.700,Shipped
20220622,14,31,28,3,4,P20220622-0867,53,225.500,Loaded
20220624,5,53,50,1,14,P20220624-0336,45,150.500,Shipped
20220630,13,47,44,1,15,P20220630-0087,55,225.000,Shipped
20220702,8,47,44,1,12,P20220702-0596,44,172.000,Packed
20220702,17,12,8,1,4,P20220702-0656,57,187.200,Packed
20220704,2,43,40,1,6,P20220704-0698,43,196.100,Loaded
20220706,15,63,60,3,10,P20220706-0304,47,178.200,Packed
20220707,3,52,49,3,13,P20220707-0796,58,209.100,Packed
20220708,16,23,21,1,5,P20220708-0642,51,154.800,Shipped
20220709,2,4,16,1,14,P20220709-0565,48,202.100,Loaded
20220709,16,37,34,2,9,P20220709-0970,46,237.800,Shipped
20220711,6,16,13,2,9,P20220711-0549,56,181.300,Loaded
20220711,16,45,42,2,4,P20220711-0032,47,176.400,Shipped
20220713,14,4,15,3,13,P20220713-0378,51,243.800,Shipped
20220714,7,54,51,2,12,P20220714-0351,58,150.500,Loaded
20220730,6,14,11,1,15,P20220730-0641,48,184.800,Loaded
20220802,13,12,9,3,3,P20220802-0204,48,144.000,Shipped
20220803,3,1,2,3,4,P20220803-0858,46,206.800,Shipped
20220803,8,42,38,2,13,P20220803-0503,44,225.400,Shipped
20220805,11,54,51,2,4,P20220805-0015,50,220.500,Shipped
20220805,12,43,40,1,10,P20220805-0238,41,151.200,Loaded
20220806,4,1,2,3,3,P20220806-0752,52,167.700,Shipped
20220806,5,34,31,3,5,P20220806-0835,53,227.900,Loaded
20220810,16,49,46,3,5,P20220810-0640,45,207.000,Shipped
20220813,6,32,29,2,7,P20220813-0882,48,210.900,Loaded
20220813,15,55,52,1,10,P20220813-0649,48,171.600,Packed
20220815,11,62,59,1,9,P20220815-0573,53,228.000,Shipped
20220816,4,31,28,3,15,P20220816-0980,44,161.700,Loaded
20220817,4,49,45,3,11,P20220817-0208,49,222.300,Shipped
20220818,8,51,48,1,13,P20220818-0264,47,220.800,Shipped
20220821,18,57,54,1,8,P20220821-0166,42,212.800,Shipped
20220822,5,36,33,1,2,P20220822-0968,47,171.600,Loaded
20220822,18,59,56,2,8,P20220822-0216,46,159.100,Packed
20220826,14,36,32,1,9,P20220826-0083,51,152.000,Loaded
20220827,3,45,42,2,15,P20220827-0809,55,176.300,Shipped
20220827,6,36,33,1,9,P20220827-0606,45,205.200,Loaded
20220827,8,2,3,1,1,P20220827-0035,40,189.200,Shipped
20220827,10,4,15,3,2,P20220827-0884,56,205.200,Shipped
20220827,10,55,52,1,13,P20220827-0031,58,172.200,Packed
20220827,14,12,10,3,2,P20220827-0573,57,202.400,Packed
20220829,2,2,3,1,4,P20220829-0202,50,159.900,Shipped
20220830,4,3,6,2,11,P20220830-0384,58,216.600,Loaded
20220830,9,44,41,3,10,P20220830-0059,44,128.000,Packed
20220831,4,39,36,3,6,P20220831-0502,40,184.500,Shipped
20220906,10,45,42,2,12,P20220906-0188,59,206.700,Loaded
20220909,17,31,28,3,8,P20220909-0820,50,183.600,Shipped
20220912,2,43,40,1,9,P20220912-0028,46,180.600,Shipped
20220912,10,31,28,3,5,P20220912-0717,40,208.800,Shipped
20220913,1,34,31,3,11,P20220913-0718,59,210.700,Shipped
20220913,16,60,57,1,12,P20220913-0948,48,156.400,Loaded
20220914,14,21,19,1,10,P20220914-0612,57,199.800,Packed
20220915,17,49,46,3,2,P20220915-0873,57,187.000,Packed
20220917,2,54,51,2,10,P20220917-0734,54,202.400,Packed
20220917,6,45,42,2,7,P20220917-0997,55,188.800,Shipped
20220921,1,26,24,3,12,P20220921-0081,44,180.000,Shipped
20220923,2,38,35,1,6,P20220923-0294,59,252.000,Loaded
20220923,7,3,5,1,1,P20220923-0863,51,265.500,Loaded
20220924,8,51,48,1,10,P20220924-0851,53,185.500,Shipped
20220924,11,18,22,3,7,P20220924-0141,57,178.200,Packed
20220926,5,26,26,3,6,P20220926-0877,42,197.800,Packed
20220929,7,55,52,1,13,P20220929-0929,44,191.400,Packed
20220930,11,53,50,1,2,P20220930-0477,49,185.600,Loaded
20220930,13,59,56,2,15,P20220930-0226,45,261.000,Shipped
20221002,7,12,10,3,12,P20221002-0320,47,168.000,Loaded
20221002,16,7,17,4,7,P20221002-0884,53,199.500,Shipped
20221003,13,18,22,3,15,P20221003-0283,52,191.400,Packed
20221004,7,59,56,2,15,P20221004-0503,47,166.400,Packed
20221004,12,45,42,2,5,P20221004-0961,48,209.000,Loaded
20221007,14,3,5,1,14,P20221007-0394,43,255.200,Packed
20221007,17,12,9,3,15,P20221007-0327,49,167.700,Shipped
20221011,2,18,23,3,14,P20221011-0112,59,205.200,Loaded
20221011,15,52,49,3,10,P20221011-0197,49,210.700,Loaded
20221014,1,12,10,3,7,P20221014-0571,44,178.600,Shipped
20221014,7,18,23,3,15,P20221014-0919,58,163.200,Packed
20221015,11,40,37,1,3,P20221015-0673,44,239.400,Shipped
20221016,14,39,36,3,10,P20221016-0739,57,168.300,Loaded
20221017,13,22,20,2,11,P20221017-0994,50,149.600,Packed
20221018,16,44,41,3,12,P20221018-0003,42,178.600,Shipped
20221023,15,26,24,3,1,P20221023-0506,44,180.000,Shipped
20221024,14,2,4,3,15,P20221024-0781,51,271.400,Shipped
20221028,11,44,41,3,15,P20221028-0217,51,172.000,Packed
20221031,7,4,16,1,2,P20221031-0545,40,249.400,Shipped
20221031,11,56,53,3,5,P20221031-0375,54,237.600,Shipped
20221102,9,4,15,3,5,P20221102-0901,53,210.900,Shipped
20221105,3,63,60,3,8,P20221105-0327,47,224.200,Packed
20221105,7,54,51,2,14,P20221105-0737,46,224.000,Packed
20221106,6,45,42,2,13,P20221106-0298,50,151.800,Shipped
20221106,12,7,18,1,7,P20221106-0864,56,205.200,Shipped
20221108,6,31,28,3,8,P20221108-0158,45,210.600,Packed
20221109,16,3,5,1,13,P20221109-0551,43,188.800,Packed
20221110,18,39,36,3,7,P20221110-0304,53,155.800,Shipped
20221111,3,47,44,1,12,P20221111-0671,41,156.400,Shipped
20221112,1,49,46,3,6,P20221112-0384,45,158.400,Shipped
20221116,5,53,50,1,5,P20221116-0245,46,214.500,Packed
20221117,8,12,7,1,4,P20221117-0085,59,172.200,Shipped
20221120,17,4,15,3,3,P20221120-0594,51,154.000,Shipped
20221122,4,18,23,3,15,P20221122-0655,42,153.000,Packed
20221123,5,50,47,2,7,P20221123-0700,41,206.800,Packed
20221125,10,42,39,2,8,P20221125-0214,47,203.000,Packed
20221126,1,7,18,1,12,P20221126-0674,54,188.000,Loaded
20221126,6,12,9,3,12,P20221126-0079,53,209.000,Loaded
20221128,10,22,20,2,15,P20221128-0871,54,198.900,Packed
20221128,13,54,51,2,15,P20221128-0401,54,220.000,Packed
20221129,4,26,25,3,8,P20221129-0469,41,134.400,Packed
20221202,11,18,22,3,2,P20221202-0500,41,206.500,Packed
20221203,3,47,44,1,3,P20221203-0643,43,178.500,Shipped
20221203,6,22,20,2,2,P20221203-0660,43,161.700,Packed
20221209,3,55,52,1,9,P20221209-0009,59,220.500,Shipped
20221211,17,26,24,3,5,P20221211-0845,58,168.300,Loaded
20221212,17,4,16,1,3,P20221212-0210,58,197.800,Packed
20221213,2,44,41,3,11,P20221213-0936,49,173.400,Shipped
20221214,9,40,37,1,15,P20221214-0501,52,193.200,Packed
20221215,12,3,6,2,15,P20221215-0255,57,206.800,Loaded
20221215,12,53,50,1,8,P20221215-0632,57,173.400,Packed
20221216,4,38,35,1,3,P20221216-0997,57,173.400,Shipped
20221216,11,42,39,2,11,P20221216-0793,48,162.800,Packed
20221218,17,3,6,2,7,P20221218-0145,58,252.000,Shipped
20221218,18,53,50,1,6,P20221218-0248,42,248.400,Shipped
20221219,4,60,57,1,3,P20221219-0648,56,228.000,Shipped
20221220,4,30,27,1,8,P20221220-0922,49,154.800,Loaded
20221221,8,33,30,1,12,P20221221-0403,58,225.400,Packed
20221222,1,36,33,1,7,P20221222-0951,51,196.100,Shipped
20221222,4,34,31,3,8,P20221222-0313,48,205.800,Shipped
20221223,7,42,39,2,12,P20221223-0461,56,222.300,Shipped
20221223,16,42,39,2,9,P20221223-0029,42,236.500,Packed
20221223,18,26,26,3,7,P20221223-0916,49,183.600,Shipped
20221229,1,49,45,3,15,P20221229-0862,46,172.200,Shipped
20221229,6,45,42,2,9,P20221229-0185,45,163.800,Packed
20221229,10,12,8,1,9,P20221229-0743,58,237.800,Packed
20221230,10,12,7,1,10,P20221230-0070,54,174.900,Shipped
20221231,10,36,32,1,10,P20221231-0264,57,238.500,Shipped
20230103,12,18,22,3,8,P20230103-0249,59,172.200,Shipped
20230104,13,7,17,4,9,P20230104-0635,49,193.500,Shipped
20230104,18,39,36,3,1,P20230104-0554,41,235.200,Packed
20230107,11,14,11,1,14,P20230107-0462,57,172.000,Shipped
20230111,14,16,13,2,2,P20230111-0636,48,172.000,Packed
20230116,3,31,28,3,5,P20230116-0577,59,246.400,Shipped
20230116,17,14,11,1,1,P20230116-0408,50,185.500,Packed
20230117,3,7,18,1,13,P20230117-0313,53,222.600,Shipped
20230117,15,18,23,3,3,P20230117-0330,40,243.000,Loaded
20230119,4,12,8,1,4,P20230119-0563,56,271.400,Loaded
20230119,4,21,19,1,14,P20230119-0221,54,200.000,Shipped
20230120,13,12,9,3,1,P20230120-0737,51,217.300,Shipped
20230121,10,61,58,2,5,P20230121-0379,46,220.400,Packed
20230121,13,22,20,2,8,P20230121-0008,57,143.500,Loaded
20230124,15,63,60,3,15,P20230124-0306,52,140.800,Packed
20230125,10,63,60,3,12,P20230125-0024,52,164.000,Packed
20230125,18,23,21,1,3,P20230125-0582,50,202.100,Packed
20230127,16,55,52,1,8,P20230127-0438,57,224.000,Shipped
20230129,10,54,51,2,6,P20230129-0251,43,252.000,Packed
20230202,2,49,46,3,7,P20230202-0710,55,196.800,Loaded
20230203,3,12,7,1,5,P20230203-0305,43,193.500,Shipped
20230203,13,26,25,3,13,P20230203-0332,47,164.000,Packed
20230203,18,18,22,3,3,P20230203-0289,58,262.200,Packed
20230206,16,43,40,1,6,P20230206-0134,57,238.500,Loaded
20230208,11,37,34,2,12,P20230208-0958,49,222.600,Loaded
20230211,12,18,22,3,8,P20230211-0389,42,225.000,Shipped
20230214,11,45,42,2,7,P20230214-0682,47,187.200,Packed
20230215,10,39,36,3,10,P20230215-0575,50,155.100,Shipped
20230216,15,14,11,1,11,P20230216-0610,52,247.500,Packed
20230219,2,3,5,1,1,P20230219-0253,52,210.900,Shipped
20230219,3,54,51,2,5,P20230219-0106,58,166.400,Shipped
20230219,4,12,8,1,15,P20230219-0709,56,180.000,Packed
20230221,8,18,22,3,7,P20230221-0461,43,218.300,Shipped
20230222,9,1,1,1,15,P20230222-0597,50,225.000,Loaded
20230222,9,63,60,3,6,P20230222-0657,45,191.400,Shipped
20230222,18,44,41,3,7,P20230222-0500,57,252.000,Loaded
20230223,14,39,36,3,9,P20230223-0813,53,154.000,Loaded
20230224,3,3,5,1,9,P20230224-0018,43,148.000,Loaded
20230224,10,52,49,3,1,P20230224-0086,45,223.600,Loaded
20230303,2,42,39,2,1,P20230303-0008,48,170.000,Shipped
20230303,14,47,44,1,14,P20230303-0497,48,215.000,Shipped
20230304,4,36,33,1,14,P20230304-0663,55,193.800,Shipped
20230305,2,12,7,1,6,P20230305-0582,52,231.000,Shipped
20230307,8,26,26,3,10,P20230307-0358,52,198.000,Shipped
20230307,13,34,31,3,8,P20230307-0959,59,159.900,Shipped
20230308,2,61,58,2,8,P20230308-0208,43,212.800,Shipped
20230308,9,55,52,1,2,P20230308-0470,41,255.200,Packed
20230308,13,59,56,2,12,P20230308-0544,51,220.400,Packed
20230309,11,26,24,3,15,P20230309-0175,54,192.500,Packed
20230310,8,21,19,1,12,P20230310-0959,40,160.000,Shipped
20230310,17,22,20,2,6,P20230310-0379,41,166.500,Loaded
20230314,15,22,20,2,1,P20230314-0339,41,216.000,Shipped
20230316,15,31,28,3,9,P20230316-0819,41,173.900,Packed
20230317,13,23,21,1,1,P20230317-0664,56,150.500,Shipped
20230322,17,42,39,2,2,P20230322-0854,46,172.000,Packed
20230324,14,45,42,2,9,P20230324-0128,59,222.300,Packed
20230327,3,43,40,1,5,P20230327-0920,51,222.300,Shipped
20230329,16,3,5,1,11,P20230329-0333,53,179.200,Shipped
20230330,5,18,22,3,5,P20230330-0288,55,198.900,Shipped
20230331,6,18,23,3,10,P20230331-0649,53,187.200,Packed
20230401,4,12,9,3,11,P20230401-0761,58,211.500,Shipped
20230403,8,52,49,3,7,P20230403-0066,58,180.600,Loaded
20230407,5,2,3,1,2,P20230407-0272,57,198.900,Shipped
20230408,7,57,54,1,2,P20230408-0347,57,224.000,Shipped
20230408,12,3,6,2,7,P20230408-0850,59,188.000,Loaded
20230409,18,22,20,2,12,P20230409-0697,40,173.400,Packed
20230410,2,4,16,1,4,P20230410-0089,50,185.600,Loaded
20230412,18,7,17,4,10,P20230412-0944,54,189.200,Shipped
20230414,15,18,23,3,8,P20230414-0063,56,250.800,Loaded
20230415,3,42,39,2,6,P20230415-0265,44,220.500,Packed
20230415,8,22,20,2,14,P20230415-0914,51,222.300,Shipped
20230419,4,7,17,4,15,P20230419-0336,49,163.800,Shipped
20230419,8,33,30,1,13,P20230419-0184,59,222.300,Packed
20230421,2,42,38,2,7,P20230421-0580,49,193.200,Shipped
20230422,4,1,1,1,2,P20230422-0896,55,247.500,Shipped
20230425,11,59,56,2,2,P20230425-0651,47,236.000,Packed
20230428,17,4,15,3,7,P20230428-0520,58,164.000,Packed
20230429,3,3,6,2,7,P20230429-0981,51,252.000,Shipped
20230501,7,49,45,3,11,P20230501-0227,47,196.000,Loaded
20230501,8,42,39,2,4,P20230501-0315,58,187.000,Packed
20230502,4,34,31,3,2,P20230502-0990,53,210.600,Packed
20230502,9,30,27,1,7,P20230502-0786,53,146.200,Packed
20230503,15,39,36,3,3,P20230503-0267,56,223.600,Loaded
20230505,11,18,22,3,3,P20230505-0059,52,162.800,Shipped
20230505,16,3,6,2,4,P20230505-0921,59,207.200,Shipped
20230508,4,26,25,3,10,P20230508-0954,48,228.000,Shipped
20230509,3,1,2,3,7,P20230509-0220,57,271.400,Packed
20230509,13,26,25,3,11,P20230509-0489,57,171.600,Shipped
20230510,3,34,31,3,14,P20230510-0028,44,193.500,Shipped
20230510,3,40,37,1,6,P20230510-0241,40,147.200,Shipped
20230510,10,32,29,2,13,P20230510-0437,58,188.100,Shipped
20230511,13,4,16,1,7,P20230511-0332,59,184.000,Packed
20230514,3,22,20,2,9,P20230514-0868,40,172.800,Loaded
20230516,2,18,22,3,3,P20230516-0884,40,193.200,Packed
20230516,18,3,6,2,14,P20230516-0395,51,183.300,Loaded
20230517,2,1,2,3,5,P20230517-0882,52,232.000,Shipped
20230520,9,51,48,1,13,P20230520-0011,47,228.800,Packed
20230520,12,12,8,1,3,P20230520-0928,41,183.600,Shipped
20230521,8,50,47,2,14,P20230521-0741,44,210.900,Shipped
20230521,13,60,57,1,1,P20230521-0494,49,197.800,Shipped
20230521,16,54,51,2,12,P20230521-0785,54,188.800,Loaded
20230528,5,36,32,1,15,P20230528-0411,54,180.400,Packed
20230531,6,26,24,3,12,P20230531-0592,52,185.600,Packed
20230603,4,60,57,1,11,P20230603-1000,41,168.000,Loaded
20230603,5,43,40,1,15,P20230603-0025,50,224.000,Shipped
20230603,12,53,50,1,6,P20230603-0436,46,163.400,Shipped
20230604,1,30,27,1,6,P20230604-0336,49,164.000,Packed
20230605,10,16,14,2,3,P20230605-0772,54,184.800,Packed
20230605,17,31,28,3,3,P20230605-0503,53,197.800,Loaded
20230606,9,4,16,1,5,P20230606-0470,54,188.700,Shipped
20230608,9,59,55,2,14,P20230608-0131,56,197.800,Shipped
20230608,18,38,35,1,7,P20230608-0470,59,193.800,Packed
20230610,8,3,5,1,2,P20230610-0340,47,168.000,Shipped
20230614,6,14,12,1,9,P20230614-0356,47,163.200,Shipped
20230615,12,38,35,1,1,P20230615-0769,53,199.800,Shipped
20230615,12,44,41,3,9,P20230615-0785,43,172.200,Shipped
20230620,9,63,60,3,3,P20230620-0091,50,187.000,Shipped
20230621,6,36,32,1,13,P20230621-0040,54,215.000,Packed
20230621,9,2,4,3,10,P20230621-0353,42,166.500,Loaded
20230624,1,12,8,1,15,P20230624-0687,55,155.800,Packed
20230624,10,26,26,3,13,P20230624-0618,59,167.700,Packed
20230624,14,33,30,1,5,P20230624-0331,45,215.000,Packed
20230625,5,31,28,3,2,P20230625-0088,48,173.900,Shipped
20230626,16,1,2,3,15,P20230626-0351,54,261.000,Packed
20230628,16,12,10,3,9,P20230628-0945,58,232.200,Shipped
20230629,8,3,6,2,8,P20230629-0525,42,167.200,Shipped
20230629,8,22,20,2,15,P20230629-0119,51,220.000,Shipped
20230630,5,36,33,1,9,P20230630-0196,54,187.200,Packed
20230630,16,43,40,1,5,P20230630-0448,48,212.400,Shipped
20230701,6,42,38,2,13,P20230701-0063,44,166.500,Shipped
20230702,9,43,40,1,3,P20230702-0964,58,214.600,Loaded
20230704,8,55,52,1,1,P20230704-0902,40,248.400,Shipped
20230705,13,1,2,3,4,P20230705-0433,51,215.000,Shipped
20230708,2,26,24,3,3,P20230708-0386,47,162.000,Packed
20230708,17,63,60,3,9,P20230708-0028,54,182.400,Shipped
20230709,4,42,39,2,11,P20230709-0331,49,205.200,Shipped
20230713,2,55,52,1,11,P20230713-0110,49,134.400,Shipped
20230714,8,1,2,3,12,P20230714-0835,49,250.800,Packed
20230715,7,2,3,1,2,P20230715-0529,57,211.500,Shipped
20230716,9,42,39,2,6,P20230716-0017,55,200.600,Shipped
20230718,15,52,49,3,13,P20230718-0439,56,197.400,Shipped
20230719,8,61,58,2,2,P20230719-0461,46,171.000,Packed
20230719,12,57,54,1,7,P20230719-0074,58,215.000,Loaded
20230722,4,40,37,1,11,P20230722-0125,47,234.600,Packed
20230723,6,42,39,2,6,P20230723-0293,55,176.000,Shipped
20230725,6,1,1,1,2,P20230725-0853,59,162.800,Loaded
20230727,4,63,60,3,8,P20230727-0619,51,163.400,Shipped
20230730,9,30,27,1,3,P20230730-0504,57,192.000,Loaded
20230801,2,21,19,1,14,P20230801-0833,50,207.000,Loaded
20230801,16,14,12,1,10,P20230801-0259,42,181.300,Packed
20230802,3,12,7,1,7,P20230802-0100,59,180.000,Loaded
20230803,10,60,57,1,15,P20230803-0976,47,161.700,Shipped
20230804,6,57,54,1,4,P20230804-0164,55,213.200,Shipped
20230809,11,44,41,3,11,P20230809-0788,56,147.200,Shipped
20230810,18,22,20,2,14,P20230810-0445,41,201.600,Shipped
20230812,6,12,8,1,9,P20230812-0736,43,171.600,Packed
20230812,6,47,44,1,12,P20230812-0554,59,198.000,Loaded
20230812,12,26,25,3,6,P20230812-0502,48,180.400,Shipped
20230813,12,49,45,3,5,P20230813-0395,47,154.000,Shipped
20230814,7,7,18,1,13,P20230814-0036,52,151.200,Shipped
20230815,18,7,17,4,14,P20230815-0877,40,234.600,Loaded
20230815,18,22,20,2,9,P20230815-0796,50,225.500,Shipped
20230816,17,31,28,3,11,P20230816-0367,58,138.600,Shipped
20230818,2,30,27,1,6,P20230818-0401,43,193.800,Loaded
20230818,8,42,39,2,10,P20230818-0727,58,237.800,Packed
20230821,18,34,31,3,8,P20230821-0270,45,182.000,Shipped
20230823,4,36,32,1,5,P20230823-0527,58,147.000,Shipped
20230824,4,2,4,3,2,P20230824-0007,43,242.000,Shipped
20230825,14,12,8,1,11,P20230825-0054,53,231.000,Loaded
20230825,15,33,30,1,12,P20230825-0076,45,197.800,Shipped
20230828,1,2,3,1,8,P20230828-0456,51,208.000,Loaded
20230829,7,21,19,1,15,P20230829-0112,59,202.400,Packed
20230829,13,36,33,1,14,P20230829-0664,41,261.000,Loaded
20230904,11,18,23,3,9,P20230904-0900,42,198.000,Shipped
20230904,15,33,30,1,2,P20230904-0611,45,196.000,Packed
20230904,16,38,35,1,11,P20230904-0010,43,147.200,Shipped
20230905,8,12,9,3,15,P20230905-0094,57,252.000,Loaded
20230907,3,45,42,2,3,P20230907-0692,49,224.400,Loaded
20230910,3,26,25,3,1,P20230910-0611,47,202.100,Shipped
20230911,9,7,18,1,13,P20230911-0578,50,249.400,Shipped
20230912,9,52,49,3,14,P20230912-0387,50,202.500,Packed
20230913,17,14,11,1,2,P20230913-0954,56,193.800,Packed
20230913,18,42,39,2,12,P20230913-0509,41,176.800,Shipped
20230914,1,37,34,2,2,P20230914-0263,47,226.800,Loaded
20230915,12,62,59,1,6,P20230915-0808,46,180.000,Shipped
20230918,5,1,1,1,10,P20230918-0761,40,261.000,Loaded
20230919,17,55,52,1,8,P20230919-0740,46,172.200,Packed
20230922,9,2,3,1,5,P20230922-0550,45,176.400,Loaded
20230923,18,51,48,1,8,P20230923-0422,58,205.000,Packed
20230928,11,44,41,3,2,P20230928-0520,50,210.900,Packed
20231001,1,44,41,3,13,P20231001-0383,40,213.200,Packed
20231001,11,4,15,3,12,P20231001-0998,50,185.000,Packed
20231002,3,42,38,2,2,P20231002-0688,42,189.200,Shipped
20231005,8,46,43,1,4,P20231005-0015,53,240.800,Packed
20231005,15,14,11,1,13,P20231005-0637,46,156.400,Shipped
20231006,12,7,17,4,9,P20231006-0577,48,154.000,Loaded
20231007,3,33,30,1,5,P20231007-0380,55,172.200,Loaded
20231007,11,33,30,1,7,P20231007-0238,55,266.800,Shipped
20231007,18,43,40,1,5,P20231007-0928,45,226.800,Shipped
20231009,4,23,21,1,6,P20231009-0046,41,184.500,Shipped
20231009,9,18,22,3,3,P20231009-0428,47,190.000,Packed
20231009,12,1,2,3,4,P20231009-0156,48,171.600,Packed
20231010,5,1,1,1,5,P20231010-0469,59,222.600,Packed
20231010,8,21,19,1,10,P20231010-0458,50,164.000,Packed
20231012,17,26,25,3,4,P20231012-0271,52,132.000,Shipped
20231015,18,31,28,3,15,P20231015-0640,54,140.000,Loaded
20231017,12,31,28,3,15,P20231017-0602,48,178.200,Loaded
20231020,16,43,40,1,13,P20231020-0317,40,199.800,Loaded
20231023,13,4,15,3,12,P20231023-0504,52,248.400,Shipped
20231024,1,21,19,1,4,P20231024-0809,41,178.500,Shipped
20231024,7,1,2,3,5,P20231024-0651,45,197.600,Shipped
20231025,7,45,42,2,4,P20231025-0235,46,216.000,Shipped
20231028,17,32,29,2,1,P20231028-0519,54,198.000,Shipped
20231029,2,45,42,2,13,P20231029-0932,45,158.400,Shipped
20231031,5,1,1,1,4,P20231031-0310,48,205.200,Loaded
20231031,18,12,8,1,3,P20231031-0238,46,206.800,Shipped
20231102,10,18,23,3,5,P20231102-0517,56,184.000,Shipped
20231104,6,49,46,3,1,P20231104-0718,51,176.800,Shipped
20231107,3,7,18,1,4,P20231107-0133,46,146.200,Packed
20231112,12,54,51,2,4,P20231112-0003,47,198.000,Packed
20231112,18,34,31,3,4,P20231112-0538,48,172.800,Packed
20231118,1,38,35,1,3,P20231118-0708,52,164.000,Shipped
20231119,15,12,7,1,9,P20231119-0658,59,164.500,Shipped
20231120,9,14,11,1,10,P20231120-0855,58,143.500,Loaded
20231123,1,42,38,2,2,P20231123-0710,42,137.600,Packed
20231125,4,54,51,2,5,P20231125-0927,48,197.600,Loaded
20231125,11,7,18,1,13,P20231125-0357,44,266.800,Packed
20231126,3,54,51,2,15,P20231126-0138,52,155.100,Shipped
20231127,1,12,10,3,10,P20231127-0090,40,146.200,Packed
20231129,6,1,1,1,2,P20231129-0979,41,265.500,Packed
20231129,6,46,43,1,15,P20231129-0062,52,167.700,Shipped
20231130,7,2,4,3,11,P20231130-0888,49,178.500,Shipped
20231202,14,50,47,2,7,P20231202-0578,44,262.200,Loaded
20231203,16,26,24,3,9,P20231203-0745,59,180.200,Shipped
20231204,4,30,27,1,9,P20231204-0345,41,242.000,Packed
20231205,16,26,26,3,6,P20231205-0771,59,142.800,Shipped
20231206,5,60,57,1,8,P20231206-0018,41,164.000,Shipped
20231210,11,56,53,3,11,P20231210-0167,41,168.300,Packed
20231212,15,16,13,2,10,P20231212-0125,45,242.000,Packed
20231213,3,30,27,1,13,P20231213-0991,44,201.400,Shipped
20231214,5,1,1,1,14,P20231214-0330,53,190.000,Packed
20231215,3,38,35,1,3,P20231215-0900,50,243.800,Shipped
20231215,5,40,37,1,3,P20231215-0311,57,220.800,Packed
20231215,11,57,54,1,9,P20231215-0110,53,180.000,Packed
20231216,10,59,55,2,2,P20231216-0243,52,188.100,Loaded
20231217,3,47,44,1,6,P20231217-0175,42,199.500,Loaded
20231217,6,14,11,1,6,P20231217-0293,52,220.400,Loaded
20231217,18,53,50,1,3,P20231217-0101,51,188.000,Loaded
20231218,12,2,3,1,2,P20231218-0424,53,230.000,Shipped
20231221,1,16,13,2,5,P20231221-0376,59,140.000,Shipped
20231222,1,26,25,3,2,P20231222-0752,42,173.900,Shipped
20231226,18,46,43,1,2,P20231226-0107,48,193.800,Shipped
20231226,18,46,43,1,5,P20231226-0880,51,224.400,Shipped
20231229,4,46,43,1,12,P20231229-0945,53,218.400,Shipped
20231230,2,26,24,3,1,P20231230-0341,55,218.400,Shipped
20231230,14,44,41,3,13,P20231230-0253,57,185.000,Shipped
20231231,9,36,33,1,8,P20231231-0828,42,153.600,Shipped
20240104,12,16,14,2,11,P20240104-0438,40,212.800,Shipped
20240107,2,57,54,1,6,P20240107-0415,48,201.400,Loaded
20240108,3,33,30,1,10,P20240108-0339,59,151.700,Packed
20240109,11,7,18,1,3,P20240109-0505,56,220.500,Shipped
20240114,3,26,26,3,4,P20240114-0032,51,180.200,Shipped
20240119,13,44,41,3,2,P20240119-0304,45,209.000,Packed
20240120,15,12,7,1,9,P20240120-0743,53,172.000,Packed
20240124,4,2,4,3,10,P20240124-0470,47,202.500,Shipped
20240124,12,61,58,2,7,P20240124-0240,49,211.200,Packed
20240124,14,42,38,2,15,P20240124-0868,56,197.800,Loaded
20240127,7,44,41,3,5,P20240127-0076,44,193.500,Loaded
20240127,7,59,55,2,4,P20240127-0689,53,223.600,Shipped
20240127,8,52,49,3,7,P20240127-0810,50,183.600,Packed
20240129,2,1,1,1,1,P20240129-0889,59,159.100,Packed
20240130,16,38,35,1,1,P20240130-0213,46,193.800,Packed
20240131,13,16,13,2,9,P20240131-0925,55,220.400,Shipped
20240201,9,4,16,1,10,P20240201-0806,51,194.700,Loaded
20240202,18,36,32,1,3,P20240202-0950,44,166.600,Packed
20240206,8,47,44,1,14,P20240206-0661,58,171.500,Shipped
20240206,10,7,17,4,7,P20240206-0951,44,252.000,Shipped
20240206,11,4,15,3,4,P20240206-0704,45,210.600,Shipped
20240208,3,16,13,2,11,P20240208-0124,49,206.800,Packed
20240210,6,12,9,3,5,P20240210-0732,55,144.000,Loaded
20240212,9,46,43,1,1,P20240212-0368,54,220.000,Packed
20240213,11,4,16,1,7,P20240213-0645,57,193.200,Packed
20240215,5,2,3,1,15,P20240215-0755,51,197.800,Shipped
20240215,7,55,52,1,5,P20240215-0972,55,184.000,Packed
20240215,8,18,22,3,15,P20240215-0381,40,271.400,Shipped
20240215,9,34,31,3,2,P20240215-0783,46,135.300,Packed
20240216,10,40,37,1,11,P20240216-0444,55,156.800,Packed
20240219,13,54,51,2,12,P20240219-0782,55,262.200,Packed
20240219,14,42,38,2,11,P20240219-0298,41,194.700,Loaded
20240220,14,60,57,1,12,P20240220-0266,59,144.000,Packed
20240221,1,54,51,2,8,P20240221-0816,46,201.600,Shipped
20240223,2,42,39,2,3,P20240223-0159,42,151.800,Packed
20240225,2,2,3,1,9,P20240225-0826,51,220.500,Shipped
20240225,11,12,10,3,1,P20240225-0359,50,167.200,Loaded
20240226,16,3,6,2,4,P20240226-0531,49,194.400,Loaded
20240227,15,50,47,2,10,P20240227-0588,52,138.600,Loaded
20240228,17,59,56,2,4,P20240228-0297,49,183.300,Packed
20240229,9,18,22,3,7,P20240229-0187,47,182.400,Shipped
20240302,1,32,29,2,2,P20240302-0521,45,161.000,Shipped
20240303,9,38,35,1,13,P20240303-0917,43,234.000,Shipped
20240304,10,31,28,3,13,P20240304-0264,41,155.400,Shipped
20240305,2,21,19,1,7,P20240305-0446,42,138.600,Packed
20240307,9,59,55,2,8,P20240307-0197,44,247.500,Shipped
20240308,15,18,23,3,13,P20240308-0015,42,205.200,Shipped
20240314,18,56,53,3,5,P20240314-0185,41,232.200,Shipped
20240315,4,12,9,3,12,P20240315-0552,46,171.600,Loaded
20240316,8,38,35,1,11,P20240316-0679,54,159.100,Shipped
20240320,2,57,54,1,13,P20240320-0229,48,200.600,Shipped
20240322,8,47,44,1,13,P20240322-0459,44,193.800,Shipped
20240324,1,16,14,2,2,P20240324-0214,42,135.300,Loaded
20240326,4,3,5,1,5,P20240326-0800,53,191.400,Loaded
20240327,7,49,46,3,11,P20240327-0928,43,225.400,Shipped
20240331,8,43,40,1,2,P20240331-0328,49,206.800,Loaded
20240404,5,33,30,1,2,P20240404-0912,45,191.400,Shipped
20240406,5,59,55,2,3,P20240406-0007,49,150.500,Shipped
20240407,2,60,57,1,3,P20240407-0915,55,210.600,Packed
20240409,2,18,22,3,5,P20240409-0844,59,155.400,Packed
20240409,3,12,8,1,3,P20240409-0617,43,180.400,Shipped
20240409,8,32,29,2,13,P20240409-0069,44,193.800,Shipped
20240411,18,33,30,1,2,P20240411-0644,58,158.400,Loaded
20240412,11,42,39,2,14,P20240412-0862,59,188.800,Loaded
20240415,5,12,8,1,9,P20240415-0924,40,219.300,Shipped
20240419,3,55,52,1,15,P20240419-0036,55,169.600,Packed
20240421,11,49,46,3,13,P20240421-0708,45,198.900,Shipped
20240425,4,12,9,3,13,P20240425-0250,49,180.000,Packed
20240425,4,38,35,1,7,P20240425-0076,53,200.000,Packed
20240427,7,57,54,1,5,P20240427-0858,47,230.000,Shipped
20240428,8,52,49,3,12,P20240428-0436,52,198.900,Shipped
20240430,9,7,17,4,9,P20240430-0870,57,165.600,Loaded
20240430,15,33,30,1,7,P20240430-0484,54,155.800,Shipped
20240510,17,7,18,1,9,P20240510-0801,56,216.600,Packed
20240510,18,57,54,1,13,P20240510-0449,43,169.600,Shipped
20240511,15,49,45,3,11,P20240511-0990,51,190.800,Packed
20240515,6,1,1,1,2,P20240515-0626,52,151.700,Packed
20240515,11,22,20,2,6,P20240515-0562,45,175.500,Packed
20240516,15,4,16,1,12,P20240516-0825,45,248.400,Loaded
20240518,12,3,5,1,10,P20240518-0821,59,134.400,Loaded
20240518,12,42,39,2,7,P20240518-0840,51,167.200,Shipped
20240521,14,26,26,3,1,P20240521-0461,40,184.800,Packed
20240523,18,12,8,1,9,P20240523-0356,53,180.000,Shipped
20240524,12,4,15,3,13,P20240524-0569,49,241.900,Shipped
20240525,6,57,54,1,7,P20240525-0054,51,206.800,Shipped
20240525,15,22,20,2,12,P20240525-0738,59,175.000,Loaded
20240526,9,7,18,1,3,P20240526-0255,58,243.800,Shipped
20240526,13,3,5,1,12,P20240526-0343,42,233.700,Shipped
20240528,13,47,44,1,15,P20240528-0922,51,135.300,Packed
20240530,8,16,14,2,10,P20240530-0472,45,153.000,Shipped
20240531,15,46,43,1,4,P20240531-0176,58,148.500,Packed
20240601,7,51,48,1,10,P20240601-0701,45,236.000,Shipped
20240602,6,26,24,3,1,P20240602-0681,45,189.000,Packed
20240603,9,55,52,1,3,P20240603-0085,46,165.600,Shipped
20240603,17,46,43,1,8,P20240603-0665,42,205.000,Shipped
20240604,3,12,7,1,14,P20240604-0531,51,168.000,Shipped
20240610,4,26,26,3,6,P20240610-0390,45,253.000,Loaded
20240611,13,12,9,3,8,P20240611-0712,43,176.800,Loaded
20240611,18,14,11,1,1,P20240611-0082,59,200.900,Shipped
20240614,6,32,29,2,10,P20240614-0947,56,128.000,Packed
20240617,6,4,16,1,5,P20240617-0774,59,151.700,Loaded
20240617,7,36,32,1,14,P20240617-0949,59,234.600,Shipped
20240617,14,44,41,3,8,P20240617-0281,40,147.600,Packed
20240619,1,53,50,1,1,P20240619-0984,58,223.600,Shipped
20240619,7,30,27,1,5,P20240619-0211,44,185.000,Packed
20240621,1,32,29,2,2,P20240621-0791,41,229.600,Packed
20240622,11,12,9,3,4,P20240622-0071,46,253.700,Shipped
20240622,12,3,6,2,12,P20240622-0603,52,176.000,Shipped
20240624,7,61,58,2,10,P20240624-0322,59,216.600,Shipped
20240626,16,44,41,3,9,P20240626-0049,45,176.800,Packed
20240629,11,12,8,1,10,P20240629-0598,49,222.600,Shipped
20240703,6,14,12,1,5,P20240703-0968,50,255.200,Packed
20240704,2,34,31,3,6,P20240704-0671,42,247.500,Packed
20240707,12,12,9,3,1,P20240707-0409,43,202.800,Shipped
20240707,18,34,31,3,2,P20240707-0205,44,211.500,Packed
20240711,10,53,50,1,7,P20240711-0701,50,222.300,Packed
20240713,14,52,49,3,10,P20240713-0708,58,165.000,Loaded
20240716,6,60,57,1,5,P20240716-0693,54,209.100,Shipped
20240716,18,3,6,2,14,P20240716-0961,49,271.400,Loaded
20240718,9,45,42,2,13,P20240718-0066,59,255.200,Shipped
20240718,13,50,47,2,5,P20240718-0864,47,161.700,Shipped
20240719,12,12,8,1,4,P20240719-0396,48,204.000,Loaded
20240720,1,46,43,1,12,P20240720-0257,56,226.800,Loaded
20240721,10,12,8,1,1,P20240721-0257,55,212.000,Packed
20240722,8,14,11,1,10,P20240722-0325,59,202.100,Shipped
20240723,7,4,15,3,5,P20240723-0289,47,238.500,Packed
20240724,10,42,39,2,7,P20240724-0198,45,216.000,Packed
20240724,13,7,17,4,9,P20240724-0558,48,179.400,Packed
20240726,13,7,17,4,15,P20240726-0513,41,208.800,Shipped
20240726,17,39,36,3,5,P20240726-0208,49,150.400,Packed
20240730,3,3,6,2,2,P20240730-0513,44,163.400,Shipped
20240802,17,63,60,3,10,P20240802-0234,59,212.400,Shipped
20240803,7,12,10,3,3,P20240803-0364,59,168.000,Packed
20240803,15,1,2,3,6,P20240803-0171,50,163.800,Shipped
20240804,5,14,12,1,4,P20240804-0303,56,180.400,Packed
20240806,14,53,50,1,6,P20240806-0545,59,154.800,Packed
20240807,6,18,22,3,4,P20240807-0457,58,227.900,Packed
20240808,7,61,58,2,12,P20240808-0060,45,175.000,Packed
20240811,14,21,19,1,10,P20240811-0247,52,235.200,Shipped
20240812,5,37,34,2,6,P20240812-0116,51,163.200,Packed
20240813,1,57,54,1,1,P20240813-0988,48,158.400,Shipped
20240815,8,36,32,1,14,P20240815-0406,56,205.000,Shipped
20240815,9,42,39,2,10,P20240815-0217,44,233.200,Packed
20240818,8,37,34,2,2,P20240818-0309,47,209.100,Packed
20240821,4,16,14,2,8,P20240821-0495,47,205.000,Shipped
20240823,14,12,10,3,12,P20240823-0761,57,215.600,Packed
20240828,4,40,37,1,2,P20240828-0733,53,229.600,Loaded
20240901,16,56,53,3,12,P20240901-0814,55,160.000,Packed
20240903,2,38,35,1,2,P20240903-0857,55,214.600,Loaded
20240903,2,49,45,3,13,P20240903-0641,51,239.400,Packed
20240903,17,30,27,1,11,P20240903-0029,48,210.000,Shipped
20240905,15,33,30,1,7,P20240905-0780,42,205.200,Packed
20240905,18,53,50,1,9,P20240905-0573,58,188.100,Shipped
20240906,9,59,56,2,15,P20240906-0454,42,259.600,Packed
20240914,9,62,59,1,11,P20240914-0228,50,171.500,Shipped
20240915,8,21,19,1,7,P20240915-0433,58,188.000,Shipped
20240919,2,30,27,1,4,P20240919-0647,52,181.300,Shipped
20240920,5,7,18,1,13,P20240920-0248,44,188.800,Packed
20240920,7,7,17,4,9,P20240920-0174,55,201.400,Shipped
20240922,9,1,2,3,12,P20240922-0505,44,221.400,Packed
20240922,10,1,2,3,11,P20240922-0387,55,220.500,Packed
20240923,12,54,51,2,4,P20240923-0569,48,204.000,Packed
20240925,1,49,45,3,8,P20240925-0258,49,136.000,Loaded
20240925,13,31,28,3,11,P20240925-0066,45,199.800,Shipped
20240926,7,44,41,3,2,P20240926-0087,45,230.100,Shipped
20240927,2,18,22,3,11,P20240927-0225,42,240.800,Packed
20240927,16,30,27,1,6,P20240927-0621,43,148.500,Packed
20241001,7,7,18,1,11,P20241001-0963,57,172.000,Loaded
20241002,12,59,55,2,5,P20241002-0675,45,184.500,Loaded
20241003,5,40,37,1,2,P20241003-0130,55,232.000,Shipped
20241003,9,45,42,2,8,P20241003-0025,52,172.000,Loaded
20241005,5,54,51,2,3,P20241005-0742,49,201.600,Packed
20241007,12,61,58,2,8,P20241007-0351,57,160.000,Loaded
20241008,5,16,14,2,2,P20241008-0562,48,218.400,Shipped
20241010,3,52,49,3,4,P20241010-0943,52,206.400,Packed
20241010,15,12,9,3,8,P20241010-0490,53,207.000,Packed
20241013,14,22,20,2,3,P20241013-0111,54,201.400,Packed
20241015,8,36,33,1,5,P20241015-0899,56,172.800,Shipped
20241015,12,12,7,1,15,P20241015-0650,52,162.000,Loaded
20241017,14,14,11,1,8,P20241017-0221,54,154.000,Packed
20241017,17,12,10,3,6,P20241017-0126,51,183.600,Shipped
20241017,18,26,24,3,13,P20241017-0835,44,212.400,Shipped
20241019,5,18,22,3,4,P20241019-0596,55,207.000,Packed
20241019,15,22,20,2,15,P20241019-0586,43,241.900,Loaded
20241019,16,56,53,3,7,P20241019-0074,46,172.000,Packed
20241020,1,26,24,3,13,P20241020-0168,54,236.000,Shipped
20241020,12,16,13,2,8,P20241020-0474,43,185.600,Packed
20241023,2,18,22,3,11,P20241023-0084,44,229.500,Packed
20241025,9,43,40,1,4,P20241025-0180,53,216.600,Packed
20241026,9,53,50,1,9,P20241026-0028,42,187.200,Shipped
20241027,12,26,25,3,4,P20241027-0636,45,181.300,Packed
20241028,2,59,55,2,11,P20241028-0319,52,214.600,Shipped
20241030,16,18,23,3,15,P20241030-0012,52,191.100,Shipped
20241107,5,43,40,1,7,P20241107-0168,42,196.000,Loaded
20241112,6,44,41,3,5,P20241112-0394,51,148.000,Packed
20241116,17,63,60,3,5,P20241116-0641,44,172.800,Loaded
20241121,18,32,29,2,8,P20241121-0721,49,209.000,Packed
20241122,2,26,24,3,11,P20241122-0844,42,205.800,Loaded
20241124,3,23,21,1,11,P20241124-0750,54,164.000,Packed
20241124,18,50,47,2,13,P20241124-0833,44,180.000,Packed
20241125,5,45,42,2,9,P20241125-0464,52,210.000,Packed
20241130,4,49,45,3,7,P20241130-0128,51,198.000,Shipped
20241201,11,42,39,2,11,P20241201-0015,42,205.800,Packed
20241208,17,44,41,3,6,P20241208-0608,43,172.800,Shipped
20241210,4,26,26,3,12,P20241210-0279,42,169.600,Packed
20241211,1,49,46,3,3,P20241211-0445,49,266.800,Shipped
20241213,1,16,14,2,8,P20241213-0021,50,168.100,Packed
20241214,16,56,53,3,3,P20241214-0910,43,203.500,Packed
20241217,2,2,4,3,7,P20241217-0742,56,134.400,Shipped
20241219,3,12,10,3,12,P20241219-0197,57,183.600,Shipped
20241220,14,16,13,2,8,P20241220-0409,58,203.500,Packed
20241225,5,4,16,1,7,P20241225-0909,49,225.000,Shipped
20241226,18,52,49,3,8,P20241226-0512,44,168.000,Packed
20241227,5,22,20,2,11,P20241227-0009,50,205.800,Shipped
20241227,7,59,55,2,8,P20241227-0566,48,156.000,Shipped
20241228,9,49,45,3,14,P20241228-0814,46,202.400,Shipped
20241230,4,37,34,2,4,P20241230-0465,40,190.400,Shipped
20241231,15,22,20,2,5,P20241231-0622,50,180.000,Shipped
20250101,11,43,40,1,15,P20250101-0707,51,180.600,Shipped
20250101,18,46,43,1,9,P20250101-0639,46,205.200,Shipped
20250102,2,52,49,3,10,P20250102-0933,59,193.200,Shipped
20250106,15,63,60,3,1,P20250106-0451,59,171.600,Packed
20250109,18,54,51,2,11,P20250109-0019,44,218.400,Packed
20250114,4,22,20,2,10,P20250114-0383,45,206.800,Loaded
20250114,16,4,16,1,12,P20250114-0495,40,225.000,Shipped
20250116,1,38,35,1,11,P20250116-0567,52,239.200,Packed
20250116,18,2,3,1,11,P20250116-0995,43,193.200,Loaded
20250120,7,50,47,2,2,P20250120-0483,53,176.000,Shipped
20250121,6,44,41,3,4,P20250121-0525,40,188.000,Shipped
20250121,18,57,54,1,1,P20250121-0212,53,131.200,Shipped
20250122,12,30,27,1,4,P20250122-0983,44,175.500,Loaded
20250123,10,33,30,1,7,P20250123-0904,51,241.900,Packed
20250124,8,42,39,2,4,P20250124-0940,48,140.800,Loaded
20250128,11,18,22,3,11,P20250128-0364,57,166.500,Packed
20250130,3,53,50,1,12,P20250130-0570,51,164.000,Shipped
20250131,14,7,18,1,8,P20250131-0617,44,250.800,Loaded
20250203,13,54,51,2,13,P20250203-0513,46,247.800,Shipped
20250204,3,26,25,3,14,P20250204-0950,55,226.800,Shipped
20250204,18,12,10,3,12,P20250204-0065,50,163.200,Packed
20250208,15,2,4,3,9,P20250208-0122,57,189.000,Packed
20250208,15,16,13,2,1,P20250208-0144,50,197.400,Shipped
20250210,3,30,27,1,12,P20250210-0305,49,236.000,Packed
20250212,6,47,44,1,5,P20250212-0559,45,184.900,Packed
20250216,5,36,33,1,5,P20250216-0049,53,166.600,Packed
20250216,12,23,21,1,3,P20250216-0697,56,141.900,Shipped
20250218,7,3,6,2,14,P20250218-0187,53,196.100,Shipped
20250219,15,23,21,1,13,P20250219-0175,46,188.100,Packed
20250219,16,30,27,1,7,P20250219-0343,46,159.900,Shipped
20250220,4,34,31,3,9,P20250220-0642,42,158.400,Shipped
20250220,5,21,19,1,3,P20250220-0380,44,132.000,Shipped
20250222,3,7,17,4,13,P20250222-0457,58,218.300,Shipped
20250222,14,59,56,2,15,P20250222-0298,40,184.500,Packed
20250223,6,36,32,1,12,P20250223-0825,54,187.000,Shipped
20250225,4,1,1,1,9,P20250225-0278,42,163.800,Loaded
20250225,12,3,5,1,5,P20250225-0545,42,205.800,Loaded
20250226,9,2,4,3,7,P20250226-0340,50,202.500,Loaded
20250227,11,59,56,2,9,P20250227-0464,52,173.900,Loaded
20250227,12,12,7,1,3,P20250227-0613,44,192.000,Shipped
20250301,3,1,2,3,11,P20250301-0832,49,151.700,Packed
20250302,7,49,45,3,14,P20250302-0472,45,232.200,Shipped
20250302,13,44,41,3,14,P20250302-0517,48,210.600,Shipped
20250305,3,62,59,1,11,P20250305-0040,42,222.300,Packed
20250305,5,2,3,1,5,P20250305-0078,52,252.000,Packed
20250305,15,26,25,3,15,P20250305-0156,40,253.700,Packed
20250307,9,14,11,1,8,P20250307-0916,45,159.800,Loaded
20250309,4,12,10,3,14,P20250309-0488,43,169.200,Packed
20250310,3,43,40,1,7,P20250310-0742,59,220.500,Loaded
20250310,17,4,15,3,11,P20250310-0817,41,233.200,Shipped
20250311,11,39,36,3,3,P20250311-0594,45,231.000,Shipped
20250312,2,42,39,2,13,P20250312-0199,55,180.000,Packed
20250312,14,50,47,2,7,P20250312-0146,42,187.000,Loaded
20250312,18,23,21,1,12,P20250312-0695,45,160.000,Shipped
20250314,1,55,52,1,7,P20250314-0197,55,148.000,Loaded
20250314,7,2,4,3,11,P20250314-0253,49,242.000,Shipped
20250318,5,34,31,3,6,P20250318-0771,55,248.400,Packed
20250318,18,14,11,1,9,P20250318-0279,41,201.600,Shipped
20250318,18,45,42,2,14,P20250318-0738,49,228.800,Packed
20250322,9,33,30,1,12,P20250322-0315,45,207.000,Shipped
20250323,10,31,28,3,1,P20250323-0890,52,233.700,Shipped
20250326,4,47,44,1,3,P20250326-0320,58,209.100,Shipped
20250326,7,42,38,2,13,P20250326-0889,42,193.800,Shipped
20250327,12,62,59,1,2,P20250327-0812,40,196.000,Shipped
20250327,14,34,31,3,1,P20250327-0327,55,149.600,Shipped
20250331,5,42,39,2,9,P20250331-0971,45,203.500,Shipped
20250401,14,44,41,3,6,P20250401-0010,41,210.900,Loaded
20250403,14,42,39,2,6,P20250403-0929,42,205.800,Packed
20250404,12,59,56,2,9,P20250404-0637,48,197.800,Packed
20250408,1,45,42,2,14,P20250408-0092,56,217.300,Shipped
20250410,4,22,20,2,13,P20250410-0551,53,205.000,Loaded
20250410,18,2,4,3,8,P20250410-0843,57,250.800,Packed
20250411,8,26,26,3,7,P20250411-0490,54,171.500,Shipped
20250413,6,26,25,3,3,P20250413-0806,46,225.400,Shipped
20250415,18,38,35,1,13,P20250415-0763,44,219.300,Shipped
20250419,11,40,37,1,12,P20250419-0271,58,168.000,Loaded
20250420,7,49,46,3,7,P20250420-0009,45,176.300,Shipped
20250421,11,12,7,1,6,P20250421-0656,52,188.800,Shipped
20250422,18,12,8,1,13,P20250422-0284,48,163.200,Loaded
20250425,17,57,54,1,12,P20250425-0616,46,176.300,Shipped
20250427,11,50,47,2,9,P20250427-0150,50,198.000,Shipped
20250427,13,2,4,3,2,P20250427-0915,53,212.800,Packed
20250429,10,30,27,1,10,P20250429-0403,42,169.600,Shipped
20250430,14,50,47,2,1,P20250430-0363,41,197.800,Packed
20250508,7,54,51,2,12,P20250508-0661,45,212.000,Shipped
20250509,3,61,58,2,13,P20250509-0841,54,168.000,Shipped
20250510,4,55,52,1,6,P20250510-0957,48,177.600,Loaded
20250513,9,42,38,2,14,P20250513-0179,44,231.000,Loaded
20250514,13,51,48,1,2,P20250514-0312,48,163.200,Packed
20250519,18,53,50,1,7,P20250519-0589,56,220.000,Loaded
20250521,6,1,2,3,15,P20250521-0193,42,163.400,Shipped
20250522,3,43,40,1,8,P20250522-0580,56,224.400,Loaded
20250526,5,34,31,3,1,P20250526-0141,46,176.800,Packed
20250526,7,30,27,1,4,P20250526-0344,50,178.500,Loaded
20250526,12,57,54,1,2,P20250526-0620,57,181.500,Shipped
20250526,14,4,15,3,2,P20250526-0026,44,188.100,Shipped
20250527,15,40,37,1,1,P20250527-0668,41,172.000,Loaded
20250527,18,47,44,1,12,P20250527-0167,43,202.400,Loaded
20250528,2,26,25,3,2,P20250528-0137,48,215.000,Loaded
20250530,4,39,36,3,6,P20250530-0386,52,187.200,Packed
20250531,13,36,33,1,15,P20250531-0174,53,198.000,Shipped
20250602,18,31,28,3,10,P20250602-0900,44,144.000,Shipped
20250607,8,21,19,1,12,P20250607-0037,46,166.400,Shipped
20250608,18,50,47,2,9,P20250608-0998,56,243.800,Packed
20250609,14,31,28,3,7,P20250609-0146,41,223.600,Shipped
20250612,14,54,51,2,9,P20250612-0030,43,198.000,Packed
20250613,8,7,17,4,8,P20250613-0115,53,198.900,Packed
20250615,18,2,4,3,6,P20250615-0541,58,208.000,Packed
20250617,10,26,24,3,14,P20250617-0373,58,150.400,Loaded
20250620,1,4,15,3,11,P20250620-0252,44,157.500,Packed
20250620,4,40,37,1,9,P20250620-0181,40,202.100,Packed
20250620,5,12,9,3,5,P20250620-0543,43,188.000,Packed
20250620,11,31,28,3,13,P20250620-0051,55,232.000,Shipped
20250621,12,52,49,3,2,P20250621-0624,41,165.600,Shipped
20250622,9,31,28,3,11,P20250622-0463,53,189.000,Shipped
20250625,9,50,47,2,13,P20250625-0370,53,178.600,Shipped
20250626,7,21,19,1,2,P20250626-0600,46,259.600,Packed
20250626,11,39,36,3,10,P20250626-0133,51,150.400,Packed
20250629,5,42,39,2,9,P20250629-0245,41,233.700,Loaded
20250702,3,14,11,1,2,P20250702-0247,56,146.200,Shipped
20250704,10,49,45,3,4,P20250704-0473,48,205.800,Loaded
20250704,17,49,46,3,1,P20250704-0682,51,169.600,Shipped
20250705,8,26,25,3,7,P20250705-0665,44,216.600,Shipped
20250710,10,53,50,1,3,P20250710-0318,46,216.000,Shipped
20250713,16,7,18,1,7,P20250713-0386,42,190.000,Shipped
20250713,17,52,49,3,8,P20250713-0244,56,224.400,Shipped
20250718,4,23,21,1,9,P20250718-0545,45,206.500,Packed
20250718,10,16,14,2,7,P20250718-0342,52,172.200,Shipped
20250720,4,36,32,1,11,P20250720-0801,42,226.200,Shipped
20250723,11,57,54,1,12,P20250723-0980,52,206.700,Shipped
20250723,15,33,30,1,14,P20250723-0607,51,162.800,Loaded
20250724,6,18,22,3,2,P20250724-0559,54,173.900,Packed
20250725,7,2,3,1,14,P20250725-0743,50,189.000,Shipped
20250725,17,4,16,1,12,P20250725-0182,50,189.000,Shipped
20250725,18,4,16,1,12,P20250725-0439,53,220.500,Shipped
20250728,13,42,39,2,6,P20250728-0014,54,172.800,Loaded
20250729,4,23,21,1,6,P20250729-0430,43,266.800,Packed
20250731,2,62,59,1,2,P20250731-0343,50,205.200,Shipped
20250802,14,51,48,1,8,P20250802-0462,52,218.400,Packed
20250803,11,43,40,1,11,P20250803-0333,49,197.200,Shipped
20250804,4,34,31,3,15,P20250804-0811,44,204.000,Shipped
20250811,11,47,44,1,15,P20250811-0179,45,179.400,Packed
20250811,14,26,25,3,7,P20250811-0367,41,188.800,Shipped
20250812,6,51,48,1,2,P20250812-0385,50,188.700,Shipped
20250813,8,36,33,1,1,P20250813-0364,42,177.600,Loaded
20250813,10,7,17,4,7,P20250813-0081,59,171.500,Shipped
20250813,18,59,56,2,1,P20250813-0858,48,247.800,Loaded
20250814,12,63,60,3,10,P20250814-0674,53,220.800,Packed
20250815,9,37,34,2,3,P20250815-0782,56,131.200,Packed
20250815,17,54,51,2,1,P20250815-0052,42,168.300,Shipped
20250816,6,21,19,1,2,P20250816-0812,48,193.500,Shipped
20250817,1,40,37,1,11,P20250817-0345,58,166.500,Packed
20250817,11,53,50,1,11,P20250817-0778,55,145.200,Shipped
20250819,8,7,17,4,2,P20250819-0111,42,190.000,Shipped
20250819,14,52,49,3,2,P20250819-0743,59,205.800,Packed
20250821,1,63,60,3,10,P20250821-0173,57,152.000,Loaded
20250824,5,32,29,2,12,P20250824-0996,57,190.000,Packed
20250826,18,16,14,2,5,P20250826-0231,58,176.800,Loaded
20250828,6,31,28,3,4,P20250828-0129,58,135.300,Packed
20250828,18,26,24,3,9,P20250828-0633,57,176.000,Shipped
20250901,16,2,3,1,9,P20250901-0271,43,238.500,Shipped
20250902,9,12,8,1,9,P20250902-0344,58,196.000,Packed
20250907,18,12,9,3,3,P20250907-0342,59,259.600,Packed
20250908,18,36,32,1,14,P20250908-0350,40,143.500,Shipped
20250911,7,52,49,3,5,P20250911-0498,43,256.500,Loaded
20250911,13,59,55,2,10,P20250911-0364,51,148.500,Loaded
20250912,5,2,3,1,14,P20250912-0327,50,225.500,Packed
20250914,14,30,27,1,5,P20250914-0139,50,210.000,Packed
20250915,6,4,16,1,3,P20250915-0934,47,207.200,Packed
20250921,7,59,56,2,3,P20250921-0446,54,141.900,Packed
20250921,8,50,47,2,12,P20250921-0017,43,212.800,Loaded
20250925,1,59,56,2,15,P20250925-0477,51,202.500,Shipped
20250925,8,14,11,1,4,P20250925-0926,50,169.600,Shipped
20250925,9,23,21,1,8,P20250925-0269,51,157.500,Packed
20250927,2,44,41,3,3,P20250927-0801,48,201.600,Packed
20250927,7,26,26,3,1,P20250927-0503,40,180.000,Packed
20250927,16,57,54,1,12,P20250927-0689,45,202.100,Packed
20250929,3,62,59,1,6,P20250929-0139,43,205.800,Shipped
20250929,9,51,48,1,8,P20250929-0239,45,146.200,Packed
20250929,10,12,10,3,5,P20250929-0317,49,210.000,Shipped
20250929,17,61,58,2,3,P20250929-0820,54,239.200,Shipped
20250930,4,2,3,1,9,P20250930-0097,40,255.200,Shipped
20251003,4,12,7,1,9,P20251003-0144,48,215.600,Shipped
20251004,8,62,59,1,9,P20251004-0258,53,171.600,Shipped
20251009,14,63,60,3,4,P20251009-0188,58,147.200,Loaded
20251010,12,49,45,3,5,P20251010-0563,45,150.500,Shipped
20251012,16,52,49,3,7,P20251012-0788,51,220.500,Loaded
20251013,5,63,60,3,2,P20251013-0791,56,188.600,Shipped
20251014,6,21,19,1,1,P20251014-0987,43,170.200,Loaded
20251015,1,4,16,1,14,P20251015-0130,50,271.400,Shipped
20251018,14,12,10,3,3,P20251018-0502,48,206.800,Loaded
20251018,17,7,17,4,2,P20251018-0089,57,185.600,Loaded
20251019,6,12,8,1,9,P20251019-0049,44,192.500,Packed
20251019,12,53,50,1,14,P20251019-0975,57,138.600,Shipped
20251022,13,55,52,1,15,P20251022-0856,59,138.600,Shipped
20251023,5,36,33,1,14,P20251023-0567,51,203.000,Packed
20251025,16,59,55,2,2,P20251025-0551,49,159.100,Loaded
20251026,8,39,36,3,4,P20251026-0362,41,265.500,Loaded
20251026,12,51,48,1,12,P20251026-0654,42,210.000,Shipped
20251027,10,4,16,1,7,P20251027-0252,52,172.000,Packed
20251028,3,12,8,1,9,P20251028-0731,41,176.000,Packed
20251030,5,56,53,3,2,P20251030-0887,51,212.000,Shipped
20251104,18,16,14,2,15,P20251104-0477,47,156.000,Shipped
20251105,3,26,25,3,12,P20251105-0193,56,144.000,Shipped
20251105,12,2,3,1,2,P20251105-0682,57,176.400,Shipped
20251108,3,31,28,3,13,P20251108-0045,57,173.900,Packed
20251112,3,54,51,2,8,P20251112-0612,44,217.300,Packed
20251114,8,18,23,3,4,P20251114-0285,51,187.200,Loaded
20251115,8,56,53,3,5,P20251115-0124,45,173.900,Shipped
20251116,15,1,1,1,8,P20251116-0676,55,182.400,Packed
20251118,18,56,53,3,8,P20251118-0492,46,189.000,Packed
20251119,9,45,42,2,9,P20251119-0036,40,212.000,Packed
20251120,18,54,51,2,12,P20251120-0404,53,176.400,Packed
20251121,15,3,6,2,2,P20251121-0714,43,181.300,Shipped
20251127,3,26,25,3,10,P20251127-0686,52,216.000,Shipped
20251130,14,49,46,3,11,P20251130-0280,40,184.800,Packed
20251208,4,38,35,1,14,P20251208-0250,59,256.500,Loaded
20251208,10,42,39,2,14,P20251208-0246,46,201.600,Loaded
20251209,4,33,30,1,4,P20251209-0026,43,210.900,Shipped
20251210,7,4,15,3,8,P20251210-0738,52,207.200,Packed
20251212,9,39,36,3,12,P20251212-0397,59,164.000,Shipped
20251214,14,18,23,3,11,P20251214-0608,52,131.200,Shipped
20251216,2,2,4,3,5,P20251216-0226,40,202.500,Shipped
20251216,15,16,13,2,1,P20251216-0327,57,202.400,Shipped
20251217,18,12,7,1,10,P20251217-0889,48,262.200,Shipped
20251220,15,56,53,3,2,P20251220-0434,41,250.800,Packed
20251221,6,1,1,1,10,P20251221-0552,45,154.000,Shipped
20251221,7,37,34,2,9,P20251221-0163,58,215.600,Packed
20251221,8,2,3,1,2,P20251221-0507,45,228.000,Packed
20251222,12,50,47,2,6,P20251222-0777,56,262.200,Packed
20251225,6,47,44,1,10,P20251225-0038,40,227.900,Packed
20251225,8,53,50,1,4,P20251225-0208,49,206.500,Packed
20251229,2,7,18,1,14,P20251229-0218,46,171.500,Shipped
20251229,5,44,41,3,14,P20251229-0911,58,209.100,Shipped
