20220102,14,12,7,1,7,83,Reject,C,17,104.400,2022-01-02 13:17:00.0000000
20220105,9,36,32,1,30,45,Class1,C,21,101.200,2022-01-05 12:21:00.0000000
20220107,7,12,7,1,3,8,Reject,A,41,38.500,2022-01-07 08:44:00.0000000
20220108,5,38,35,1,14,109,Class2,C,23,90.000,2022-01-08 10:20:00.0000000
20220109,4,44,41,3,25,111,Class2,A,21,117.000,2022-01-09 10:49:00.0000000
20220110,5,4,16,1,38,121,Class1,C,45,191.100,2022-01-10 10:00:00.0000000
20220110,12,33,30,1,14,17,Class2,A,22,202.500,2022-01-10 09:17:00.0000000
20220110,15,30,27,1,29,35,Class2,B,46,39.000,2022-01-10 14:48:00.0000000
20220110,18,49,45,3,43,176,Reject,C,27,47.600,2022-01-10 07:42:00.0000000
20220111,10,44,41,3,13,76,Reject,A,39,89.600,2022-01-11 11:42:00.0000000
20220111,12,14,11,1,45,104,Class1,B,39,149.600,2022-01-11 15:09:00.0000000
20220112,13,30,27,1,31,164,Reject,C,44,66.500,2022-01-12 13:35:00.0000000
20220112,17,30,27,1,33,117,Class1,B,18,165.600,2022-01-12 13:54:00.0000000
20220113,9,37,34,2,19,87,Class2,B,46,156.400,2022-01-13 07:05:00.0000000
20220115,15,12,10,3,21,70,Reject,C,15,133.000,2022-01-15 13:27:00.0000000
20220116,7,26,26,3,19,89,Class1,B,49,163.800,2022-01-16 11:50:00.0000000
20220117,6,22,20,2,29,177,Class1,C,34,75.600,2022-01-17 08:26:00.0000000
20220119,2,59,56,2,9,79,Class1,C,23,136.500,2022-01-19 06:01:00.0000000
20220119,4,14,11,1,49,169,Reject,B,24,36.000,2022-01-19 06:29:00.0000000
20220122,7,1,1,1,19,198,Reject,A,43,42.000,2022-01-22 09:52:00.0000000
20220122,8,53,50,1,47,61,Reject,C,35,192.700,2022-01-22 15:27:00.0000000
20220128,7,18,22,3,15,27,Class2,B,42,68.400,2022-01-28 08:07:00.0000000
20220129,7,62,59,1,11,96,Class1,C,40,51.800,2022-01-29 10:05:00.0000000
20220131,4,51,48,1,38,178,Reject,A,32,115.200,2022-01-31 06:12:00.0000000
20220131,17,31,28,3,7,69,Class1,B,13,155.400,2022-01-31 11:47:00.0000000
20220201,13,30,27,1,9,45,Class2,A,39,71.400,2022-02-01 11:27:00.0000000
20220202,8,47,44,1,19,168,Reject,C,26,90.200,2022-02-02 08:05:00.0000000
20220202,13,57,54,1,34,166,Class1,C,44,79.200,2022-02-02 07:47:00.0000000
20220202,13,61,58,2,47,195,Reject,C,19,215.600,2022-02-02 13:55:00.0000000
20220202,17,61,58,2,12,44,Class2,C,32,168.100,2022-02-02 08:49:00.0000000
20220202,18,21,19,1,5,59,Class1,C,14,62.700,2022-02-02 07:34:00.0000000
20220206,2,45,42,2,50,47,Reject,A,38,148.000,2022-02-06 07:34:00.0000000
20220206,11,18,22,3,36,41,Class2,B,36,115.200,2022-02-06 15:58:00.0000000
20220207,4,40,37,1,38,155,Reject,C,28,83.600,2022-02-07 10:32:00.0000000
20220207,7,42,38,2,14,2,Reject,A,46,102.600,2022-02-07 10:10:00.0000000
20220208,16,47,44,1,27,27,Reject,A,28,136.400,2022-02-08 11:57:00.0000000
20220209,2,43,40,1,10,171,Reject,C,46,117.800,2022-02-09 13:54:00.0000000
20220210,1,3,6,2,49,39,Reject,A,27,155.100,2022-02-10 07:23:00.0000000
20220212,2,4,16,1,46,152,Class2,A,11,92.500,2022-02-12 14:23:00.0000000
20220215,4,26,26,3,43,87,Class2,A,14,107.300,2022-02-15 14:58:00.0000000
20220217,14,1,1,1,46,156,Reject,C,10,156.000,2022-02-17 06:22:00.0000000
20220219,5,57,54,1,19,127,Reject,B,23,198.000,2022-02-19 13:19:00.0000000
20220219,11,49,45,3,15,111,Reject,C,33,77.700,2022-02-19 11:46:00.0000000
20220221,17,1,1,1,9,40,Class1,A,37,162.000,2022-02-21 14:28:00.0000000
20220223,14,49,46,3,1,24,Class1,A,46,170.200,2022-02-23 07:18:00.0000000
20220224,17,12,8,1,47,14,Reject,A,24,171.000,2022-02-24 13:51:00.0000000
20220227,10,49,45,3,5,9,Reject,A,27,49.200,2022-02-27 07:43:00.0000000
20220228,1,61,58,2,21,49,Class1,B,22,77.400,2022-02-28 12:37:00.0000000
20220301,14,51,48,1,43,198,Reject,C,47,57.800,2022-03-01 06:25:00.0000000
20220301,14,61,58,2,15,98,Reject,A,38,50.600,2022-03-01 15:57:00.0000000
20220304,8,56,53,3,12,57,Class1,C,44,92.400,2022-03-04 10:34:00.0000000
20220305,7,12,9,3,49,89,Reject,C,12,210.700,2022-03-05 11:48:00.0000000
20220306,12,40,37,1,50,64,Class1,C,14,50.400,2022-03-06 09:43:00.0000000
20220306,13,32,29,2,40,61,Class2,C,18,189.000,2022-03-06 08:45:00.0000000
20220306,18,42,38,2,42,75,Class1,A,19,150.400,2022-03-06 15:01:00.0000000
20220309,10,30,27,1,48,26,Class2,A,35,171.600,2022-03-09 11:31:00.0000000
20220310,7,21,19,1,35,56,Class2,C,38,46.800,2022-03-10 11:38:00.0000000
20220311,5,26,26,3,9,113,Class2,C,40,108.800,2022-03-11 10:55:00.0000000
20220311,15,33,30,1,38,71,Reject,C,30,142.800,2022-03-11 13:07:00.0000000
20220314,1,40,37,1,37,94,Class1,C,33,59.200,2022-03-14 07:19:00.0000000
20220315,2,45,42,2,47,166,Class1,C,29,132.600,2022-03-15 10:31:00.0000000
20220315,5,31,28,3,17,176,Class2,C,24,111.600,2022-03-15 11:30:00.0000000
20220315,13,26,24,3,47,152,Reject,A,33,129.200,2022-03-15 06:01:00.0000000
20220316,2,26,26,3,47,85,Reject,C,41,133.400,2022-03-16 07:17:00.0000000
20220317,2,26,26,3,33,139,Reject,B,48,124.200,2022-03-17 07:54:00.0000000
20220323,15,52,49,3,21,36,Reject,A,34,61.500,2022-03-23 15:03:00.0000000
20220325,15,52,49,3,37,80,Class1,C,35,167.200,2022-03-25 12:52:00.0000000
20220327,18,31,28,3,28,37,Reject,C,28,144.300,2022-03-27 15:00:00.0000000
20220331,9,18,22,3,43,180,Reject,C,19,126.000,2022-03-31 09:39:00.0000000
20220331,12,21,19,1,41,99,Class2,B,21,180.000,2022-03-31 09:01:00.0000000
20220407,1,49,46,3,11,135,Class2,C,27,197.800,2022-04-07 09:42:00.0000000
20220414,3,4,16,1,16,82,Class1,B,20,113.400,2022-04-14 15:06:00.0000000
20220417,13,16,14,2,29,167,Class1,C,17,92.800,2022-04-17 11:25:00.0000000
20220420,3,47,44,1,5,3,Reject,C,23,150.500,2022-04-20 12:18:00.0000000
20220422,8,4,16,1,35,158,Reject,C,30,73.600,2022-04-22 07:59:00.0000000
20220423,4,44,41,3,20,19,Reject,B,32,95.200,2022-04-23 12:06:00.0000000
20220425,2,7,17,4,48,52,Class2,C,25,79.800,2022-04-25 12:18:00.0000000
20220425,14,53,50,1,41,67,Class1,B,15,166.500,2022-04-25 12:11:00.0000000
20220426,17,1,2,3,13,39,Reject,A,35,94.600,2022-04-26 14:30:00.0000000
20220427,2,57,54,1,17,6,Reject,A,31,198.000,2022-04-27 14:23:00.0000000
20220427,12,44,41,3,27,23,Class1,C,44,165.600,2022-04-27 06:19:00.0000000
20220430,2,53,50,1,1,98,Reject,C,28,72.000,2022-04-30 13:12:00.0000000
20220501,18,12,7,1,19,68,Reject,A,31,100.800,2022-05-01 08:38:00.0000000
20220502,3,26,26,3,7,160,Reject,C,21,164.000,2022-05-02 10:32:00.0000000
20220506,15,31,28,3,28,111,Reject,C,25,142.600,2022-05-06 10:56:00.0000000
20220506,15,51,48,1,18,198,Class1,C,17,108.000,2022-05-06 12:36:00.0000000
20220507,1,60,57,1,2,73,Class1,C,46,60.200,2022-05-07 11:30:00.0000000
20220512,8,33,30,1,19,2,Reject,A,10,46.800,2022-05-12 15:57:00.0000000
20220512,12,26,25,3,19,119,Class2,C,33,121.600,2022-05-12 15:42:00.0000000
20220514,4,1,1,1,20,180,Class2,B,12,64.000,2022-05-14 15:48:00.0000000
20220514,15,12,10,3,49,1,Reject,C,14,81.000,2022-05-14 07:08:00.0000000
20220517,14,16,13,2,17,120,Class1,A,46,96.600,2022-05-17 07:02:00.0000000
20220518,6,26,26,3,37,31,Class1,C,49,83.200,2022-05-18 11:29:00.0000000
20220521,13,47,44,1,42,180,Class2,B,49,73.500,2022-05-21 15:04:00.0000000
20220522,8,16,14,2,47,138,Class2,C,34,166.600,2022-05-22 10:47:00.0000000
20220524,6,2,3,1,40,48,Class2,A,31,82.500,2022-05-24 10:22:00.0000000
20220526,11,59,56,2,23,98,Class1,B,48,69.700,2022-05-26 09:41:00.0000000
20220527,16,4,16,1,45,50,Class1,B,11,64.000,2022-05-27 13:50:00.0000000
20220529,1,61,58,2,44,161,Reject,C,44,159.800,2022-05-29 08:00:00.0000000
20220529,15,33,30,1,4,199,Reject,A,37,149.600,2022-05-29 09:18:00.0000000
20220531,6,59,55,2,43,14,Class1,C,22,68.000,2022-05-31 14:11:00.0000000
20220601,7,49,45,3,49,104,Reject,C,36,98.600,2022-06-01 11:44:00.0000000
20220602,1,26,24,3,34,18,Reject,C,23,156.000,2022-06-02 15:24:00.0000000
20220602,12,2,3,1,5,18,Class1,C,26,57.200,2022-06-02 07:14:00.0000000
20220603,5,26,26,3,33,159,Reject,C,43,46.800,2022-06-03 10:56:00.0000000
20220603,9,49,45,3,36,85,Reject,A,10,189.000,2022-06-03 15:08:00.0000000
20220606,11,30,27,1,31,139,Class1,C,30,178.600,2022-06-06 11:38:00.0000000
20220606,14,18,23,3,1,200,Class2,A,28,161.700,2022-06-06 06:06:00.0000000
20220607,16,12,9,3,31,6,Reject,A,23,180.000,2022-06-07 13:55:00.0000000
20220607,18,30,27,1,47,129,Class1,A,38,73.600,2022-06-07 09:22:00.0000000
20220608,10,54,51,2,23,105,Reject,B,48,64.400,2022-06-08 15:30:00.0000000
20220608,15,26,25,3,18,36,Reject,C,34,172.000,2022-06-08 12:44:00.0000000
20220610,12,14,12,1,36,107,Reject,B,23,92.000,2022-06-10 07:16:00.0000000
20220612,1,62,59,1,12,55,Reject,A,24,163.800,2022-06-12 15:17:00.0000000
20220613,11,4,15,3,23,148,Reject,A,13,171.600,2022-06-13 07:12:00.0000000
20220614,15,16,14,2,18,107,Reject,B,18,167.700,2022-06-14 14:30:00.0000000
20220616,13,31,28,3,29,5,Reject,C,42,184.800,2022-06-16 12:53:00.0000000
20220617,15,62,59,1,29,23,Class2,B,28,68.000,2022-06-17 10:17:00.0000000
20220617,17,50,47,2,40,128,Class2,C,26,57.000,2022-06-17 15:50:00.0000000
20220619,13,33,30,1,12,79,Reject,B,22,149.600,2022-06-19 12:21:00.0000000
20220620,18,56,53,3,2,55,Reject,C,46,49.200,2022-06-20 14:05:00.0000000
20220621,3,7,18,1,42,135,Class1,B,19,39.000,2022-06-21 14:22:00.0000000
20220621,3,54,51,2,17,90,Class1,C,41,42.000,2022-06-21 09:33:00.0000000
20220624,16,42,39,2,45,190,Reject,A,42,92.500,2022-06-24 13:11:00.0000000
20220626,3,1,1,1,42,72,Class2,A,13,105.000,2022-06-26 07:10:00.0000000
20220626,9,57,54,1,39,58,Class2,A,31,53.300,2022-06-26 10:21:00.0000000
20220627,17,61,58,2,18,176,Class2,C,25,101.200,2022-06-27 06:25:00.0000000
20220627,18,18,22,3,47,177,Class1,B,43,85.000,2022-06-27 11:55:00.0000000
20220629,15,12,10,3,10,95,Class1,B,33,134.400,2022-06-29 06:18:00.0000000
20220701,15,12,9,3,40,130,Reject,B,46,98.000,2022-07-01 09:48:00.0000000
20220703,11,18,22,3,50,113,Class1,B,18,137.600,2022-07-03 14:29:00.0000000
20220705,5,36,33,1,3,186,Class1,C,12,127.600,2022-07-05 13:24:00.0000000
20220707,9,2,3,1,45,8,Reject,A,16,33.000,2022-07-07 10:45:00.0000000
20220707,15,54,51,2,1,6,Class1,C,28,180.000,2022-07-07 10:49:00.0000000
20220708,1,16,13,2,41,42,Class1,C,47,125.800,2022-07-08 10:18:00.0000000
20220709,2,7,18,1,20,197,Reject,C,23,32.000,2022-07-09 11:04:00.0000000
20220710,17,7,18,1,26,100,Reject,C,35,138.600,2022-07-10 07:25:00.0000000
20220713,6,36,32,1,48,98,Class1,C,45,115.200,2022-07-13 10:46:00.0000000
20220716,18,31,28,3,18,4,Class1,B,22,73.800,2022-07-16 07:35:00.0000000
20220717,15,46,43,1,34,200,Class1,A,28,162.000,2022-07-17 09:03:00.0000000
20220718,2,55,52,1,6,90,Class1,A,28,159.900,2022-07-18 08:31:00.0000000
20220718,11,32,29,2,15,156,Class2,B,36,51.200,2022-07-18 08:32:00.0000000
20220721,15,36,33,1,47,26,Class2,A,10,110.200,2022-07-21 10:16:00.0000000
20220723,9,61,58,2,21,75,Class2,A,33,49.000,2022-07-23 13:46:00.0000000
20220724,7,12,8,1,35,178,Class2,A,25,100.000,2022-07-24 08:19:00.0000000
20220725,17,40,37,1,35,128,Reject,C,47,189.000,2022-07-25 15:34:00.0000000
20220726,1,61,58,2,18,61,Reject,A,22,147.600,2022-07-26 10:47:00.0000000
20220728,13,16,13,2,8,141,Class1,A,46,171.600,2022-07-28 12:23:00.0000000
20220728,16,32,29,2,6,136,Class2,A,30,46.200,2022-07-28 07:16:00.0000000
20220729,17,43,40,1,2,168,Class1,C,18,163.200,2022-07-29 08:54:00.0000000
20220801,16,52,49,3,31,146,Class2,B,49,36.000,2022-08-01 11:50:00.0000000
20220802,5,23,21,1,41,17,Class1,B,31,70.200,2022-08-02 14:46:00.0000000
20220802,8,51,48,1,42,90,Class1,A,30,48.000,2022-08-02 12:15:00.0000000
20220803,17,59,55,2,17,170,Reject,B,42,166.500,2022-08-03 15:05:00.0000000
20220804,2,12,10,3,45,161,Class1,B,41,57.800,2022-08-04 11:01:00.0000000
20220805,4,23,21,1,34,127,Class1,B,44,63.000,2022-08-05 10:43:00.0000000
20220807,18,23,21,1,31,152,Reject,A,30,39.600,2022-08-07 09:25:00.0000000
20220808,14,32,29,2,36,107,Class2,C,39,183.300,2022-08-08 10:33:00.0000000
20220810,4,52,49,3,31,147,Reject,A,26,124.200,2022-08-10 11:38:00.0000000
20220810,14,2,4,3,9,46,Class2,A,19,171.600,2022-08-10 15:30:00.0000000
20220812,3,7,18,1,31,124,Class1,C,20,162.000,2022-08-12 09:18:00.0000000
20220813,9,18,23,3,31,200,Class1,C,12,77.700,2022-08-13 14:28:00.0000000
20220813,11,59,55,2,1,129,Class2,C,45,192.000,2022-08-13 10:28:00.0000000
20220815,18,61,58,2,19,163,Reject,C,14,159.800,2022-08-15 11:01:00.0000000
20220818,11,33,30,1,17,48,Class1,A,19,83.600,2022-08-18 11:12:00.0000000
20220820,4,14,12,1,13,119,Class2,A,14,149.600,2022-08-20 13:11:00.0000000
20220822,14,26,25,3,28,44,Class1,C,26,119.000,2022-08-22 10:42:00.0000000
20220827,13,36,32,1,6,142,Reject,C,31,142.800,2022-08-27 10:10:00.0000000
20220830,4,26,25,3,33,135,Class1,C,12,196.000,2022-08-30 15:39:00.0000000
20220830,5,2,4,3,42,42,Reject,A,15,42.000,2022-08-30 14:27:00.0000000
20220831,14,2,3,1,1,84,Reject,C,26,133.000,2022-08-31 07:39:00.0000000
20220902,5,3,6,2,49,192,Reject,B,34,52.000,2022-09-02 07:54:00.0000000
20220905,2,16,13,2,17,157,Class2,A,21,101.400,2022-09-05 11:44:00.0000000
20220905,5,16,13,2,33,84,Reject,A,22,189.200,2022-09-05 06:39:00.0000000
20220908,9,1,1,1,42,117,Class2,C,20,156.800,2022-09-08 06:12:00.0000000
20220910,5,1,2,3,37,127,Class1,A,27,124.800,2022-09-10 15:57:00.0000000
20220911,8,2,4,3,27,52,Reject,A,48,39.000,2022-09-11 08:59:00.0000000
20220911,13,49,46,3,27,20,Reject,B,31,105.600,2022-09-11 09:04:00.0000000
20220913,17,14,12,1,15,40,Reject,A,40,144.000,2022-09-13 08:40:00.0000000
20220915,1,23,21,1,44,18,Class1,A,43,115.000,2022-09-15 13:28:00.0000000
20220915,2,7,17,4,26,141,Reject,C,13,96.000,2022-09-15 11:13:00.0000000
20220915,18,14,12,1,39,137,Reject,B,32,96.000,2022-09-15 09:52:00.0000000
20220917,11,55,52,1,26,38,Class1,A,16,41.600,2022-09-17 12:16:00.0000000
20220917,13,37,34,2,12,134,Class1,A,15,132.000,2022-09-17 15:56:00.0000000
20220918,5,4,15,3,30,85,Class1,C,10,66.000,2022-09-18 10:32:00.0000000
20220921,8,38,35,1,49,182,Class1,A,11,180.600,2022-09-21 10:01:00.0000000
20220921,13,23,21,1,26,11,Class2,A,14,206.400,2022-09-21 08:24:00.0000000
20220921,15,59,56,2,3,72,Class1,B,42,66.500,2022-09-21 12:10:00.0000000
20220922,12,7,17,4,10,54,Class1,C,23,38.000,2022-09-22 11:32:00.0000000
20220922,13,44,41,3,16,166,Class1,A,49,171.000,2022-09-22 09:03:00.0000000
20220925,7,36,33,1,34,86,Class1,C,11,122.100,2022-09-25 06:55:00.0000000
20220930,16,36,32,1,14,75,Class1,A,10,126.000,2022-09-30 08:54:00.0000000
20221001,1,49,46,3,5,128,Reject,A,36,77.400,2022-10-01 12:43:00.0000000
20221001,18,16,14,2,21,170,Class1,B,19,103.600,2022-10-01 06:33:00.0000000
20221004,9,21,19,1,39,183,Class1,C,16,96.000,2022-10-04 08:42:00.0000000
20221007,5,7,17,4,24,198,Reject,A,33,112.000,2022-10-07 12:45:00.0000000
20221007,8,33,30,1,34,103,Reject,C,39,81.900,2022-10-07 11:49:00.0000000
20221007,9,7,18,1,48,132,Class1,A,14,108.000,2022-10-07 10:14:00.0000000
20221008,1,2,3,1,48,150,Reject,C,44,163.800,2022-10-08 09:30:00.0000000
20221008,1,52,49,3,5,98,Reject,B,15,46.200,2022-10-08 10:41:00.0000000
20221012,6,12,9,3,20,12,Class1,A,18,175.500,2022-10-12 11:09:00.0000000
20221013,1,3,6,2,34,185,Class2,B,41,136.800,2022-10-13 12:52:00.0000000
20221015,2,60,57,1,16,166,Reject,A,38,53.200,2022-10-15 11:31:00.0000000
20221015,6,38,35,1,34,78,Reject,C,20,210.700,2022-10-15 12:17:00.0000000
20221015,7,26,26,3,12,161,Reject,A,17,92.500,2022-10-15 13:15:00.0000000
20221016,1,34,31,3,17,42,Class2,B,13,166.500,2022-10-16 10:15:00.0000000
20221016,11,18,23,3,30,193,Class1,C,15,55.900,2022-10-16 15:51:00.0000000
20221017,18,50,47,2,10,33,Reject,A,15,115.200,2022-10-17 07:54:00.0000000
20221018,1,59,55,2,49,150,Class1,C,48,40.700,2022-10-18 08:33:00.0000000
20221018,7,43,40,1,31,139,Reject,A,36,140.800,2022-10-18 10:51:00.0000000
20221020,1,52,49,3,13,93,Reject,C,25,157.500,2022-10-20 06:30:00.0000000
20221020,18,12,9,3,39,32,Reject,C,48,138.000,2022-10-20 09:01:00.0000000
20221021,2,42,39,2,30,77,Class2,A,45,57.600,2022-10-21 10:15:00.0000000
20221021,13,34,31,3,43,137,Reject,B,28,151.200,2022-10-21 09:42:00.0000000
20221021,15,33,30,1,27,66,Reject,B,32,61.600,2022-10-21 11:38:00.0000000
20221022,15,38,35,1,3,44,Class2,C,45,83.200,2022-10-22 09:52:00.0000000
20221023,11,59,56,2,29,18,Reject,B,16,158.400,2022-10-23 10:17:00.0000000
20221028,5,63,60,3,46,58,Reject,B,12,161.000,2022-10-28 13:31:00.0000000
20221029,1,16,14,2,44,162,Reject,C,21,127.100,2022-10-29 07:54:00.0000000
20221030,10,18,23,3,42,135,Class1,C,21,130.500,2022-10-30 14:56:00.0000000
20221030,18,39,36,3,44,101,Class1,C,38,58.500,2022-10-30 12:47:00.0000000
20221030,18,54,51,2,19,132,Reject,B,23,155.400,2022-10-30 06:16:00.0000000
20221031,8,26,26,3,26,197,Reject,B,26,180.400,2022-10-31 09:56:00.0000000
20221101,13,55,52,1,39,98,Class2,A,44,176.300,2022-11-01 15:08:00.0000000
20221102,2,42,38,2,3,80,Class2,A,36,59.400,2022-11-02 07:36:00.0000000
20221107,1,40,37,1,50,192,Class2,C,46,184.900,2022-11-07 09:23:00.0000000
20221108,17,37,34,2,4,84,Class1,A,37,161.000,2022-11-08 15:05:00.0000000
20221109,11,4,16,1,42,130,Class1,B,30,64.500,2022-11-09 09:11:00.0000000
20221110,11,1,1,1,8,125,Class1,C,24,157.500,2022-11-10 14:38:00.0000000
20221111,8,52,49,3,15,89,Reject,C,45,53.200,2022-11-11 15:49:00.0000000
20221114,14,47,44,1,10,69,Reject,C,48,34.000,2022-11-14 15:41:00.0000000
20221115,3,61,58,2,32,68,Reject,C,10,77.700,2022-11-15 06:08:00.0000000
20221120,7,59,56,2,25,107,Class2,A,10,96.800,2022-11-20 08:04:00.0000000
20221124,3,42,39,2,21,89,Class1,C,36,138.000,2022-11-24 11:12:00.0000000
20221125,2,16,14,2,20,87,Class1,A,18,197.400,2022-11-25 06:36:00.0000000
20221127,2,57,54,1,28,150,Class1,C,44,133.200,2022-11-27 06:33:00.0000000
20221127,3,2,4,3,38,185,Class1,B,10,202.400,2022-11-27 08:49:00.0000000
20221127,3,7,18,1,3,135,Class1,B,34,42.000,2022-11-27 07:35:00.0000000
20221127,3,30,27,1,36,99,Class1,C,17,52.800,2022-11-27 10:10:00.0000000
20221127,8,3,5,1,46,181,Class1,A,22,54.600,2022-11-27 15:19:00.0000000
20221127,16,40,37,1,37,132,Class2,B,49,148.000,2022-11-27 06:08:00.0000000
20221130,9,42,39,2,34,181,Class2,B,21,36.000,2022-11-30 13:05:00.0000000
20221202,6,31,28,3,46,36,Class2,B,12,41.600,2022-12-02 14:51:00.0000000
20221204,9,51,48,1,34,186,Reject,B,32,126.000,2022-12-04 15:26:00.0000000
20221205,1,62,59,1,26,55,Reject,C,28,77.000,2022-12-05 08:08:00.0000000
20221206,12,43,40,1,8,188,Class1,C,17,60.200,2022-12-06 06:43:00.0000000
20221206,13,14,11,1,26,124,Reject,A,40,46.800,2022-12-06 08:03:00.0000000
20221206,18,12,8,1,22,90,Class1,A,32,60.800,2022-12-06 14:33:00.0000000
20221207,3,21,19,1,41,175,Class1,B,38,167.700,2022-12-07 13:37:00.0000000
20221207,11,51,48,1,33,48,Class1,A,47,66.000,2022-12-07 10:44:00.0000000
20221209,3,44,41,3,2,50,Reject,C,23,172.200,2022-12-09 12:29:00.0000000
20221209,15,37,34,2,30,24,Reject,B,43,168.000,2022-12-09 10:40:00.0000000
20221209,18,1,2,3,49,108,Class1,A,43,55.500,2022-12-09 13:52:00.0000000
20221209,18,26,26,3,3,168,Class2,C,16,49.500,2022-12-09 10:04:00.0000000
20221210,15,47,44,1,26,66,Class1,C,42,40.700,2022-12-10 10:57:00.0000000
20221211,17,49,46,3,41,168,Reject,B,31,126.000,2022-12-11 13:49:00.0000000
20221213,1,12,8,1,46,128,Class1,B,19,63.000,2022-12-13 07:43:00.0000000
20221214,1,21,19,1,18,41,Reject,C,12,101.200,2022-12-14 07:52:00.0000000
20221214,11,49,46,3,39,16,Reject,B,24,140.800,2022-12-14 06:39:00.0000000
20221215,17,4,16,1,30,191,Class2,C,37,81.000,2022-12-15 11:23:00.0000000
20221216,12,34,31,3,22,92,Reject,C,14,98.000,2022-12-16 14:37:00.0000000
20221217,14,22,20,2,21,129,Class2,B,40,191.100,2022-12-17 12:42:00.0000000
20221218,4,26,24,3,50,76,Reject,C,35,50.400,2022-12-18 13:54:00.0000000
20221218,12,59,56,2,21,137,Class2,C,37,66.300,2022-12-18 08:33:00.0000000
20221218,18,53,50,1,28,75,Class2,A,32,182.400,2022-12-18 07:13:00.0000000
20221219,8,23,21,1,37,118,Reject,A,12,192.000,2022-12-19 09:52:00.0000000
20221219,9,43,40,1,33,90,Reject,A,42,152.000,2022-12-19 06:09:00.0000000
20221221,16,7,18,1,20,90,Reject,A,43,124.800,2022-12-21 11:22:00.0000000
20221225,15,12,9,3,12,179,Reject,A,39,184.500,2022-12-25 07:44:00.0000000
20221229,10,2,3,1,3,51,Class2,C,14,136.800,2022-12-29 06:51:00.0000000
20221231,14,16,13,2,33,24,Class2,A,49,115.200,2022-12-31 14:56:00.0000000
20230101,7,42,39,2,18,126,Reject,A,16,36.300,2023-01-01 12:34:00.0000000
20230102,3,44,41,3,19,190,Reject,A,25,115.500,2023-01-02 08:15:00.0000000
20230102,9,12,7,1,3,2,Class1,C,11,80.500,2023-01-02 15:47:00.0000000
20230103,9,43,40,1,12,1,Reject,C,20,122.100,2023-01-03 08:12:00.0000000
20230104,14,36,32,1,39,130,Class1,C,14,108.900,2023-01-04 07:48:00.0000000
20230107,12,47,44,1,29,59,Class2,B,33,176.300,2023-01-07 06:06:00.0000000
20230109,11,49,45,3,44,107,Class2,A,18,172.000,2023-01-09 12:34:00.0000000
20230109,15,39,36,3,1,181,Class2,C,26,135.000,2023-01-09 14:40:00.0000000
20230109,18,4,15,3,47,183,Class1,B,14,55.200,2023-01-09 12:22:00.0000000
20230110,4,52,49,3,21,104,Class1,A,41,211.500,2023-01-10 08:45:00.0000000
20230111,3,49,45,3,35,144,Class1,C,38,100.800,2023-01-11 09:45:00.0000000
20230112,17,3,5,1,9,14,Class2,C,15,73.100,2023-01-12 11:18:00.0000000
20230113,6,56,53,3,22,47,Reject,B,15,141.900,2023-01-13 09:07:00.0000000
20230113,6,63,60,3,25,6,Class1,B,37,108.800,2023-01-13 06:21:00.0000000
20230113,9,63,60,3,29,107,Class1,B,12,58.800,2023-01-13 15:20:00.0000000
20230113,10,52,49,3,44,87,Reject,C,32,98.800,2023-01-13 15:44:00.0000000
20230114,6,1,2,3,42,168,Reject,C,20,159.100,2023-01-14 07:44:00.0000000
20230115,15,2,3,1,48,194,Class1,C,41,171.000,2023-01-15 14:33:00.0000000
20230118,5,62,59,1,7,34,Reject,A,35,47.300,2023-01-18 08:29:00.0000000
20230119,6,22,20,2,17,22,Reject,A,28,92.400,2023-01-19 14:24:00.0000000
20230120,17,1,1,1,50,25,Reject,A,42,188.600,2023-01-20 13:14:00.0000000
20230121,8,12,7,1,25,3,Class1,C,32,92.400,2023-01-21 13:25:00.0000000
20230122,12,61,58,2,49,184,Class2,C,16,80.000,2023-01-22 13:50:00.0000000
20230124,17,16,13,2,26,115,Reject,C,25,133.000,2023-01-24 06:33:00.0000000
20230127,3,3,5,1,30,174,Class1,A,33,136.500,2023-01-27 09:02:00.0000000
20230201,7,43,40,1,8,126,Reject,B,48,155.400,2023-02-01 07:51:00.0000000
20230201,10,18,23,3,25,90,Class1,C,19,56.000,2023-02-01 08:50:00.0000000
20230201,16,62,59,1,15,143,Reject,B,22,98.600,2023-02-01 08:36:00.0000000
20230202,7,23,21,1,3,47,Reject,C,19,46.800,2023-02-02 10:57:00.0000000
20230204,10,39,36,3,15,30,Reject,C,41,128.700,2023-02-04 08:05:00.0000000
20230204,12,47,44,1,31,171,Reject,C,40,61.200,2023-02-04 07:30:00.0000000
20230205,4,51,48,1,49,73,Class1,A,26,123.200,2023-02-05 06:09:00.0000000
20230207,4,4,16,1,40,72,Reject,C,46,48.100,2023-02-07 09:39:00.0000000
20230210,10,40,37,1,41,59,Class1,C,40,197.800,2023-02-10 11:23:00.0000000
20230211,15,33,30,1,36,85,Class1,A,43,198.000,2023-02-11 12:24:00.0000000
20230214,13,14,11,1,7,102,Reject,A,43,53.300,2023-02-14 12:12:00.0000000
20230216,7,60,57,1,36,6,Reject,A,28,75.600,2023-02-16 15:15:00.0000000
20230218,9,18,23,3,21,87,Reject,A,23,162.800,2023-02-18 09:43:00.0000000
20230219,11,18,23,3,49,99,Class2,C,43,196.800,2023-02-19 09:34:00.0000000
20230220,1,32,29,2,37,70,Class2,C,19,70.400,2023-02-20 15:02:00.0000000
20230221,2,2,3,1,39,79,Class2,A,46,67.200,2023-02-21 15:34:00.0000000
20230222,6,7,17,4,32,188,Reject,A,17,144.300,2023-02-22 10:47:00.0000000
20230222,9,50,47,2,45,187,Class1,C,15,140.400,2023-02-22 06:03:00.0000000
20230226,1,7,17,4,34,118,Reject,C,41,99.000,2023-02-26 08:49:00.0000000
20230226,16,55,52,1,26,190,Class2,B,20,129.200,2023-02-26 07:13:00.0000000
20230227,9,42,39,2,29,63,Reject,C,34,108.900,2023-02-27 09:16:00.0000000
20230228,11,42,38,2,48,128,Reject,C,35,182.400,2023-02-28 06:10:00.0000000
20230228,13,50,47,2,39,79,Class1,A,31,180.000,2023-02-28 08:51:00.0000000
20230303,9,2,3,1,3,19,Reject,A,28,97.500,2023-03-03 13:44:00.0000000
20230303,9,46,43,1,9,63,Class1,B,26,64.600,2023-03-03 07:15:00.0000000
20230305,10,60,57,1,37,127,Class2,C,17,105.800,2023-03-05 08:05:00.0000000
20230305,14,39,36,3,5,19,Class1,A,21,148.200,2023-03-05 11:27:00.0000000
20230306,1,33,30,1,35,54,Reject,C,23,64.500,2023-03-06 08:06:00.0000000
20230310,8,46,43,1,14,45,Class1,B,28,211.600,2023-03-10 08:32:00.0000000
20230310,12,36,33,1,36,187,Class1,A,13,96.000,2023-03-10 10:39:00.0000000
20230311,2,47,44,1,4,151,Class1,C,31,147.000,2023-03-11 06:48:00.0000000
20230312,4,44,41,3,33,71,Class1,C,44,168.000,2023-03-12 06:29:00.0000000
20230312,7,33,30,1,44,84,Class2,B,46,207.000,2023-03-12 09:52:00.0000000
20230312,11,16,14,2,36,191,Class1,B,32,66.600,2023-03-12 07:46:00.0000000
20230312,18,63,60,3,31,41,Reject,A,47,72.000,2023-03-12 14:44:00.0000000
20230314,3,61,58,2,5,36,Reject,B,46,187.200,2023-03-14 09:11:00.0000000
20230316,2,52,49,3,42,62,Reject,B,38,124.200,2023-03-16 06:52:00.0000000
20230317,3,14,12,1,22,189,Reject,A,35,67.200,2023-03-17 14:18:00.0000000
20230318,9,50,47,2,49,74,Class1,B,37,180.400,2023-03-18 07:39:00.0000000
20230322,2,49,45,3,8,22,Reject,C,26,79.200,2023-03-22 09:17:00.0000000
20230323,18,56,53,3,26,54,Class1,C,23,118.800,2023-03-23 13:35:00.0000000
20230328,8,30,27,1,44,42,Reject,A,15,117.600,2023-03-28 06:20:00.0000000
20230328,13,62,59,1,26,198,Reject,C,30,182.400,2023-03-28 09:56:00.0000000
20230330,8,37,34,2,48,42,Class2,C,10,52.800,2023-03-30 13:04:00.0000000
20230330,18,33,30,1,45,145,Reject,B,27,79.200,2023-03-30 15:34:00.0000000
20230401,16,38,35,1,12,143,Class2,C,41,149.600,2023-04-01 06:47:00.0000000
20230401,18,53,50,1,14,76,Reject,A,46,139.400,2023-04-01 13:21:00.0000000
20230402,4,2,3,1,38,9,Class2,C,44,105.000,2023-04-02 09:14:00.0000000
20230402,5,43,40,1,7,46,Class2,C,15,57.000,2023-04-02 10:16:00.0000000
20230402,18,12,7,1,12,134,Reject,A,33,60.800,2023-04-02 06:01:00.0000000
20230403,8,61,58,2,27,18,Reject,A,27,193.200,2023-04-03 08:21:00.0000000
20230404,2,52,49,3,26,19,Class1,C,32,123.000,2023-04-04 14:10:00.0000000
20230404,18,56,53,3,17,151,Reject,B,44,148.200,2023-04-04 14:24:00.0000000
20230405,2,16,13,2,34,111,Class1,C,15,116.100,2023-04-05 07:12:00.0000000
20230406,6,60,57,1,32,109,Reject,A,12,73.500,2023-04-06 09:59:00.0000000
20230407,11,1,2,3,36,61,Reject,A,13,94.500,2023-04-07 15:18:00.0000000
20230408,3,21,19,1,15,9,Reject,C,36,140.600,2023-04-08 15:14:00.0000000
20230411,18,63,60,3,37,47,Reject,C,40,49.500,2023-04-11 15:26:00.0000000
20230412,1,31,28,3,38,166,Reject,C,42,172.800,2023-04-12 09:25:00.0000000
20230412,17,7,18,1,16,186,Class1,C,32,75.900,2023-04-12 15:14:00.0000000
20230414,10,54,51,2,25,96,Class1,C,10,40.700,2023-04-14 15:46:00.0000000
20230415,16,60,57,1,29,172,Class1,C,39,211.500,2023-04-15 07:24:00.0000000
20230419,5,3,6,2,21,122,Class1,A,33,68.400,2023-04-19 09:10:00.0000000
20230420,6,16,14,2,9,86,Class2,A,14,181.300,2023-04-20 08:12:00.0000000
20230420,14,60,57,1,35,88,Reject,C,34,72.200,2023-04-20 13:30:00.0000000
20230421,13,21,19,1,44,133,Class1,A,16,103.600,2023-04-21 13:45:00.0000000
20230422,6,59,56,2,22,106,Reject,C,11,144.300,2023-04-22 08:19:00.0000000
20230423,3,59,55,2,19,12,Class1,A,44,156.400,2023-04-23 10:12:00.0000000
20230426,3,16,14,2,27,164,Class1,B,41,136.900,2023-04-26 08:00:00.0000000
20230503,17,42,38,2,28,182,Class2,B,41,112.500,2023-05-03 06:35:00.0000000
20230504,1,16,14,2,36,83,Class1,C,43,140.600,2023-05-04 13:46:00.0000000
20230504,8,26,26,3,25,24,Class1,B,26,197.800,2023-05-04 10:18:00.0000000
20230504,9,3,5,1,38,104,Reject,A,41,77.900,2023-05-04 11:09:00.0000000
20230504,9,45,42,2,17,189,Class1,A,32,151.200,2023-05-04 08:09:00.0000000
20230507,18,55,52,1,50,98,Reject,A,15,92.500,2023-05-07 10:32:00.0000000
20230508,10,54,51,2,8,113,Class1,A,17,122.400,2023-05-08 14:12:00.0000000
20230510,10,47,44,1,46,88,Class2,C,27,77.400,2023-05-10 10:53:00.0000000
20230510,18,7,17,4,19,74,Class1,A,11,49.000,2023-05-10 09:19:00.0000000
20230511,1,16,13,2,26,195,Class2,A,38,119.000,2023-05-11 11:43:00.0000000
20230511,10,60,57,1,47,177,Class1,C,25,96.200,2023-05-11 09:38:00.0000000
20230511,14,34,31,3,38,185,Class1,C,49,197.800,2023-05-11 06:36:00.0000000
20230514,1,14,11,1,27,171,Reject,A,20,51.800,2023-05-14 09:48:00.0000000
20230515,8,23,21,1,26,149,Class1,C,47,171.600,2023-05-15 12:19:00.0000000
20230517,3,59,55,2,13,172,Reject,B,14,47.300,2023-05-17 15:16:00.0000000
20230518,11,12,9,3,37,197,Class1,C,32,161.000,2023-05-18 06:39:00.0000000
20230518,14,43,40,1,45,15,Class1,A,21,42.900,2023-05-18 08:31:00.0000000
20230520,6,34,31,3,30,186,Class1,C,34,135.300,2023-05-20 15:52:00.0000000
20230521,6,55,52,1,10,124,Class1,A,18,70.400,2023-05-21 10:30:00.0000000
20230523,14,16,14,2,18,180,Reject,C,22,163.200,2023-05-23 06:08:00.0000000
20230524,6,49,45,3,5,34,Class1,A,39,116.000,2023-05-24 06:12:00.0000000
20230524,9,49,46,3,42,105,Class2,A,48,54.600,2023-05-24 06:53:00.0000000
20230526,2,1,2,3,2,39,Reject,C,33,172.000,2023-05-26 13:18:00.0000000
20230526,6,3,6,2,50,83,Reject,A,44,98.900,2023-05-26 12:17:00.0000000
20230526,17,12,8,1,10,26,Reject,C,20,46.800,2023-05-26 14:59:00.0000000
20230527,2,62,59,1,44,158,Class1,A,41,164.000,2023-05-27 07:45:00.0000000
20230531,5,7,17,4,34,70,Class1,A,19,184.900,2023-05-31 07:54:00.0000000
20230604,15,37,34,2,8,97,Reject,A,17,164.500,2023-06-04 09:18:00.0000000
20230605,9,49,46,3,21,8,Class1,B,18,128.000,2023-06-05 07:10:00.0000000
20230606,9,38,35,1,22,54,Reject,C,45,153.600,2023-06-06 09:53:00.0000000
20230607,18,1,2,3,10,148,Reject,A,34,90.000,2023-06-07 13:16:00.0000000
20230608,17,63,60,3,19,10,Reject,C,17,189.000,2023-06-08 12:07:00.0000000
20230609,4,12,9,3,47,65,Reject,B,14,188.000,2023-06-09 09:35:00.0000000
20230611,15,14,12,1,46,112,Class1,A,38,58.500,2023-06-11 13:25:00.0000000
20230613,2,30,27,1,34,32,Class1,C,37,167.700,2023-06-13 07:50:00.0000000
20230613,6,21,19,1,21,184,Class1,B,33,55.200,2023-06-13 08:58:00.0000000
20230616,16,60,57,1,12,147,Class1,C,17,130.200,2023-06-16 10:42:00.0000000
20230618,17,1,1,1,48,194,Class1,A,31,126.000,2023-06-18 09:41:00.0000000
20230619,13,4,16,1,17,145,Class1,B,35,156.800,2023-06-19 14:40:00.0000000
20230619,14,14,12,1,29,104,Reject,C,15,184.800,2023-06-19 08:57:00.0000000
20230619,16,12,9,3,41,21,Class1,C,30,45.100,2023-06-19 13:23:00.0000000
20230622,14,1,1,1,48,136,Reject,A,13,179.400,2023-06-22 14:25:00.0000000
20230626,5,4,16,1,8,188,Class1,B,15,70.300,2023-06-26 06:03:00.0000000
20230628,6,59,55,2,5,185,Class1,A,24,60.800,2023-06-28 09:46:00.0000000
20230630,11,49,45,3,13,190,Class2,A,44,131.200,2023-06-30 13:47:00.0000000
20230701,3,40,37,1,21,116,Class2,C,34,76.500,2023-07-01 07:19:00.0000000
20230701,12,37,34,2,6,179,Reject,B,46,94.500,2023-07-01 11:47:00.0000000
20230702,5,1,2,3,16,171,Class1,A,24,153.000,2023-07-02 15:40:00.0000000
20230703,8,26,24,3,47,52,Reject,C,39,70.400,2023-07-03 06:24:00.0000000
20230704,4,46,43,1,30,46,Class1,C,13,60.000,2023-07-04 15:01:00.0000000
20230705,2,57,54,1,11,27,Reject,C,11,86.400,2023-07-05 10:05:00.0000000
20230706,3,57,54,1,39,121,Reject,A,40,184.500,2023-07-06 09:25:00.0000000
20230706,4,1,2,3,19,16,Class2,C,23,115.500,2023-07-06 10:18:00.0000000
20230707,15,4,16,1,40,63,Class2,C,21,105.600,2023-07-07 13:53:00.0000000
20230708,7,38,35,1,15,121,Class2,A,17,157.500,2023-07-08 07:01:00.0000000
20230708,17,50,47,2,38,88,Reject,A,40,88.000,2023-07-08 07:53:00.0000000
20230710,2,7,17,4,10,43,Class1,B,27,111.000,2023-07-10 13:13:00.0000000
20230710,3,55,52,1,36,135,Class2,C,29,91.200,2023-07-10 13:03:00.0000000
20230713,13,18,22,3,7,73,Class2,C,41,57.600,2023-07-13 14:59:00.0000000
20230718,1,26,26,3,43,158,Class1,B,18,89.700,2023-07-18 12:17:00.0000000
20230721,5,2,3,1,11,174,Class2,A,28,216.000,2023-07-21 06:07:00.0000000
20230722,18,59,56,2,19,195,Reject,C,24,101.200,2023-07-22 14:04:00.0000000
20230726,9,12,7,1,12,115,Class1,C,15,105.600,2023-07-26 15:43:00.0000000
20230728,15,36,33,1,31,176,Reject,C,45,51.800,2023-07-28 15:52:00.0000000
20230730,4,39,36,3,13,94,Reject,A,43,147.000,2023-07-30 12:36:00.0000000
20230807,5,32,29,2,33,85,Reject,B,49,158.400,2023-08-07 10:01:00.0000000
20230807,5,49,46,3,37,186,Reject,B,18,184.800,2023-08-07 09:14:00.0000000
20230808,3,30,27,1,32,120,Reject,B,25,76.000,2023-08-08 15:22:00.0000000
20230813,6,36,32,1,14,19,Class1,A,47,94.300,2023-08-13 07:49:00.0000000
20230814,10,16,13,2,13,95,Reject,A,48,92.800,2023-08-14 10:56:00.0000000
20230815,3,42,39,2,23,17,Class2,A,18,180.600,2023-08-15 06:10:00.0000000
20230815,7,46,43,1,36,124,Reject,C,46,64.000,2023-08-15 07:16:00.0000000
20230817,3,14,12,1,4,112,Reject,A,16,86.400,2023-08-17 10:13:00.0000000
20230818,8,44,41,3,13,33,Reject,A,25,100.800,2023-08-18 15:37:00.0000000
20230819,14,42,38,2,18,184,Reject,C,38,70.200,2023-08-19 08:14:00.0000000
20230820,6,32,29,2,35,184,Class2,C,44,117.000,2023-08-20 14:03:00.0000000
20230820,11,2,3,1,32,65,Class1,C,17,105.600,2023-08-20 08:48:00.0000000
20230821,7,4,16,1,31,81,Reject,C,28,121.500,2023-08-21 14:32:00.0000000
20230823,6,32,29,2,15,78,Reject,B,14,148.200,2023-08-23 09:09:00.0000000
20230823,13,4,15,3,32,84,Class2,A,21,82.800,2023-08-23 10:52:00.0000000
20230823,14,60,57,1,20,30,Reject,B,32,118.400,2023-08-23 12:31:00.0000000
20230824,1,26,24,3,40,66,Class1,A,20,54.000,2023-08-24 07:07:00.0000000
20230824,6,18,22,3,15,126,Class1,A,28,196.800,2023-08-24 11:02:00.0000000
20230826,1,59,56,2,27,110,Class1,C,25,92.000,2023-08-26 08:00:00.0000000
20230826,5,26,24,3,13,115,Class1,C,13,49.000,2023-08-26 11:12:00.0000000
20230826,7,40,37,1,17,172,Reject,A,16,93.600,2023-08-26 12:49:00.0000000
20230827,14,53,50,1,21,120,Reject,A,17,48.000,2023-08-27 06:19:00.0000000
20230828,12,50,47,2,2,184,Class1,A,31,107.500,2023-08-28 14:39:00.0000000
20230829,5,18,22,3,14,58,Class2,B,27,65.600,2023-08-29 15:28:00.0000000
20230829,11,1,2,3,23,64,Class1,C,24,102.400,2023-08-29 11:00:00.0000000
20230903,12,46,43,1,3,82,Reject,A,47,54.600,2023-09-03 14:59:00.0000000
20230904,4,46,43,1,49,154,Class1,C,14,189.000,2023-09-04 11:08:00.0000000
20230906,12,59,56,2,46,38,Class2,A,31,122.100,2023-09-06 08:28:00.0000000
20230908,13,53,50,1,26,23,Class2,B,46,202.500,2023-09-08 15:21:00.0000000
20230909,1,62,59,1,3,191,Class1,A,16,105.600,2023-09-09 14:15:00.0000000
20230909,10,16,14,2,8,138,Reject,C,17,193.500,2023-09-09 08:34:00.0000000
20230910,16,3,6,2,24,112,Reject,C,10,109.200,2023-09-10 06:56:00.0000000
20230910,17,18,23,3,7,134,Class2,A,31,133.400,2023-09-10 06:19:00.0000000
20230911,18,60,57,1,43,138,Class2,C,10,151.700,2023-09-11 12:28:00.0000000
20230914,1,12,7,1,17,68,Class1,A,43,67.500,2023-09-14 06:51:00.0000000
20230915,12,16,13,2,5,56,Class1,B,23,136.800,2023-09-15 14:55:00.0000000
20230917,3,60,57,1,4,6,Reject,C,15,128.700,2023-09-17 15:47:00.0000000
20230918,6,36,32,1,2,162,Class1,C,30,127.600,2023-09-18 06:35:00.0000000
20230918,13,14,11,1,25,119,Class1,A,11,188.600,2023-09-18 13:25:00.0000000
20230918,15,31,28,3,3,19,Class1,C,20,54.600,2023-09-18 09:37:00.0000000
20230920,2,26,25,3,45,32,Class1,A,10,186.200,2023-09-20 07:23:00.0000000
20230920,4,3,5,1,40,197,Class1,C,49,53.200,2023-09-20 10:17:00.0000000
20230922,6,4,15,3,33,136,Class2,C,48,112.000,2023-09-22 13:34:00.0000000
20230922,9,3,5,1,45,162,Class2,C,29,122.400,2023-09-22 11:21:00.0000000
20230925,11,14,11,1,1,8,Reject,C,37,175.500,2023-09-25 10:24:00.0000000
20230925,14,55,52,1,19,30,Class2,A,18,96.000,2023-09-25 07:45:00.0000000
20230927,8,23,21,1,50,105,Class2,A,15,62.900,2023-09-27 14:48:00.0000000
20230928,9,50,47,2,16,30,Reject,A,42,73.600,2023-09-28 11:40:00.0000000
20230930,7,52,49,3,15,77,Class2,B,34,145.200,2023-09-30 10:06:00.0000000
20231003,8,57,54,1,45,121,Class2,A,36,117.000,2023-10-03 08:00:00.0000000
20231005,3,42,39,2,39,88,Class2,C,42,66.600,2023-10-05 13:37:00.0000000
20231007,4,12,9,3,48,196,Reject,C,31,55.500,2023-10-07 10:27:00.0000000
20231007,13,62,59,1,23,70,Class2,B,12,148.000,2023-10-07 06:30:00.0000000
20231009,18,12,7,1,2,140,Reject,A,49,148.200,2023-10-09 15:56:00.0000000
20231011,6,32,29,2,8,118,Reject,A,24,60.200,2023-10-11 06:26:00.0000000
20231012,7,30,27,1,1,17,Reject,B,43,133.400,2023-10-12 07:21:00.0000000
20231014,13,34,31,3,45,55,Reject,A,40,90.200,2023-10-14 11:24:00.0000000
20231017,12,12,8,1,22,137,Class1,C,29,155.800,2023-10-17 14:27:00.0000000
20231018,10,63,60,3,23,77,Class1,A,39,115.500,2023-10-18 06:15:00.0000000
20231020,17,14,12,1,43,163,Reject,C,48,154.800,2023-10-20 15:54:00.0000000
20231022,3,63,60,3,15,95,Reject,A,12,225.400,2023-10-22 09:58:00.0000000
20231023,17,49,46,3,44,8,Reject,A,26,126.000,2023-10-23 11:12:00.0000000
20231024,9,39,36,3,31,101,Class2,C,32,92.400,2023-10-24 09:41:00.0000000
20231025,15,7,17,4,23,7,Class1,A,10,188.600,2023-10-25 08:37:00.0000000
20231026,4,1,2,3,23,170,Reject,A,47,126.000,2023-10-26 07:11:00.0000000
20231027,13,36,32,1,38,34,Reject,C,21,73.600,2023-10-27 12:06:00.0000000
20231028,7,42,39,2,4,104,Class2,C,29,115.200,2023-10-28 09:00:00.0000000
20231028,16,12,10,3,23,146,Reject,C,44,134.400,2023-10-28 14:32:00.0000000
20231028,18,21,19,1,25,117,Class2,A,24,148.500,2023-10-28 14:01:00.0000000
20231101,4,2,4,3,27,96,Class2,C,42,102.300,2023-11-01 12:25:00.0000000
20231101,5,56,53,3,38,199,Reject,C,30,125.400,2023-11-01 13:02:00.0000000
20231102,7,51,48,1,12,51,Class1,C,30,184.000,2023-11-02 07:01:00.0000000
20231103,10,22,20,2,41,145,Class1,A,29,86.100,2023-11-03 09:34:00.0000000
20231104,4,57,54,1,22,188,Reject,C,33,119.000,2023-11-04 07:01:00.0000000
20231106,14,45,42,2,46,128,Reject,A,30,129.200,2023-11-06 15:25:00.0000000
20231106,18,31,28,3,10,187,Class1,A,37,96.600,2023-11-06 12:34:00.0000000
20231107,1,16,14,2,13,58,Class2,C,21,112.000,2023-11-07 10:40:00.0000000
20231109,7,45,42,2,24,181,Reject,A,11,120.900,2023-11-09 14:57:00.0000000
20231109,15,56,53,3,36,107,Reject,A,47,172.800,2023-11-09 10:53:00.0000000
20231110,5,39,36,3,29,187,Class1,A,32,191.100,2023-11-10 10:40:00.0000000
20231111,5,42,38,2,29,23,Reject,A,49,130.500,2023-11-11 09:11:00.0000000
20231111,10,12,9,3,35,33,Class1,A,49,61.500,2023-11-11 12:05:00.0000000
20231111,13,16,14,2,18,36,Class1,C,37,153.000,2023-11-11 07:37:00.0000000
20231112,7,49,45,3,7,119,Class1,A,19,129.500,2023-11-12 06:48:00.0000000
20231113,1,36,33,1,19,6,Class2,C,36,44.800,2023-11-13 11:25:00.0000000
20231114,17,33,30,1,31,131,Reject,C,41,71.400,2023-11-14 08:57:00.0000000
20231117,7,37,34,2,47,71,Class2,A,35,114.700,2023-11-17 07:39:00.0000000
20231119,18,53,50,1,28,128,Reject,A,49,163.800,2023-11-19 06:17:00.0000000
20231120,3,60,57,1,35,105,Reject,A,15,43.200,2023-11-20 09:12:00.0000000
20231120,18,18,23,3,39,45,Reject,C,40,91.200,2023-11-20 13:02:00.0000000
20231122,11,18,22,3,4,195,Reject,A,20,147.200,2023-11-22 15:20:00.0000000
20231122,16,14,11,1,27,166,Reject,C,49,102.000,2023-11-22 15:22:00.0000000
20231123,17,12,9,3,2,34,Reject,A,24,58.800,2023-11-23 14:45:00.0000000
20231125,12,44,41,3,33,113,Class2,C,10,172.000,2023-11-25 08:36:00.0000000
20231126,4,18,23,3,38,141,Class2,C,40,144.000,2023-11-26 15:12:00.0000000
20231129,17,37,34,2,17,1,Class1,B,36,92.400,2023-11-29 08:20:00.0000000
20231203,14,26,25,3,41,30,Reject,A,37,143.500,2023-12-03 10:43:00.0000000
20231203,16,18,23,3,16,197,Reject,B,46,128.000,2023-12-03 12:03:00.0000000
20231203,17,16,14,2,48,5,Class1,B,41,96.200,2023-12-03 07:37:00.0000000
20231204,2,37,34,2,33,43,Class1,C,40,147.000,2023-12-04 08:22:00.0000000
20231205,7,16,14,2,6,124,Class2,B,44,148.200,2023-12-05 09:58:00.0000000
20231206,3,40,37,1,38,196,Reject,C,29,179.400,2023-12-06 12:17:00.0000000
20231209,9,1,2,3,45,15,Class2,C,16,116.000,2023-12-09 11:47:00.0000000
20231210,7,47,44,1,35,115,Reject,C,25,76.000,2023-12-10 13:56:00.0000000
20231214,16,34,31,3,23,94,Class2,C,43,153.000,2023-12-14 11:20:00.0000000
20231215,8,16,14,2,38,139,Reject,A,11,154.800,2023-12-15 06:16:00.0000000
20231215,8,59,56,2,28,33,Class1,B,33,89.700,2023-12-15 11:50:00.0000000
20231215,18,21,19,1,43,199,Class1,C,10,132.000,2023-12-15 12:45:00.0000000
20231218,1,56,53,3,25,151,Class1,B,16,62.900,2023-12-18 07:04:00.0000000
20231219,6,38,35,1,35,59,Class1,A,27,155.800,2023-12-19 09:30:00.0000000
20231223,7,63,60,3,27,149,Reject,B,20,143.500,2023-12-23 08:00:00.0000000
20231225,9,43,40,1,22,101,Class2,A,32,38.500,2023-12-25 07:15:00.0000000
20231228,2,12,8,1,41,90,Class2,C,19,107.500,2023-12-28 07:37:00.0000000
20231228,4,46,43,1,13,91,Reject,A,34,83.200,2023-12-28 13:56:00.0000000
20231228,11,57,54,1,21,172,Reject,C,14,57.400,2023-12-28 13:09:00.0000000
20231231,18,22,20,2,37,151,Class1,C,46,147.200,2023-12-31 15:46:00.0000000
20240101,7,43,40,1,3,164,Reject,A,14,61.600,2024-01-01 11:21:00.0000000
20240102,13,16,13,2,11,74,Reject,A,41,53.200,2024-01-02 15:28:00.0000000
20240102,17,12,8,1,45,121,Reject,B,34,102.400,2024-01-02 08:36:00.0000000
20240103,11,7,18,1,40,198,Class1,B,17,135.300,2024-01-03 14:03:00.0000000
20240107,17,3,6,2,13,84,Reject,C,33,136.800,2024-01-07 07:21:00.0000000
20240110,8,39,36,3,23,80,Class1,C,32,124.800,2024-01-10 14:18:00.0000000
20240112,18,49,45,3,34,63,Reject,B,10,176.000,2024-01-12 06:45:00.0000000
20240118,2,23,21,1,30,132,Reject,A,45,81.600,2024-01-18 06:46:00.0000000
20240121,16,39,36,3,40,135,Class2,C,26,100.000,2024-01-21 12:43:00.0000000
20240125,16,57,54,1,9,97,Reject,B,22,36.000,2024-01-25 06:24:00.0000000
20240126,12,26,25,3,35,75,Class1,A,37,132.000,2024-01-26 08:27:00.0000000
20240203,7,62,59,1,20,14,Class1,B,27,43.200,2024-02-03 07:11:00.0000000
20240205,2,60,57,1,4,107,Class2,A,47,170.200,2024-02-05 10:18:00.0000000
20240208,5,36,33,1,46,141,Reject,A,11,163.200,2024-02-08 15:08:00.0000000
20240208,16,54,51,2,11,84,Class2,C,16,60.000,2024-02-08 13:03:00.0000000
20240211,15,18,22,3,17,64,Reject,C,42,125.800,2024-02-11 11:40:00.0000000
20240213,3,16,13,2,42,103,Class2,C,39,88.200,2024-02-13 11:37:00.0000000
20240213,8,22,20,2,10,73,Class1,C,44,153.000,2024-02-13 06:46:00.0000000
20240214,8,1,1,1,31,70,Reject,C,38,193.200,2024-02-14 08:35:00.0000000
20240214,12,26,24,3,44,143,Reject,B,21,96.200,2024-02-14 09:33:00.0000000
20240214,18,37,34,2,23,80,Reject,B,22,61.600,2024-02-14 09:23:00.0000000
20240217,15,43,40,1,41,161,Reject,C,15,172.000,2024-02-17 09:20:00.0000000
20240218,18,49,45,3,40,138,Reject,A,21,67.200,2024-02-18 08:43:00.0000000
20240219,18,51,48,1,19,185,Reject,C,42,140.800,2024-02-19 15:41:00.0000000
20240222,9,34,31,3,47,158,Reject,A,44,131.200,2024-02-22 09:15:00.0000000
20240223,12,1,2,3,19,176,Reject,C,19,207.000,2024-02-23 15:40:00.0000000
20240223,12,16,14,2,32,162,Reject,C,32,69.300,2024-02-23 11:24:00.0000000
20240224,4,55,52,1,32,136,Reject,B,17,52.500,2024-02-24 13:22:00.0000000
20240224,11,26,25,3,24,94,Class1,A,49,60.800,2024-02-24 07:14:00.0000000
20240229,4,14,12,1,22,17,Class2,A,14,55.500,2024-02-29 14:29:00.0000000
20240302,7,36,32,1,32,139,Reject,B,14,64.500,2024-03-02 07:47:00.0000000
20240302,16,14,12,1,11,39,Reject,B,33,105.600,2024-03-02 14:10:00.0000000
20240304,3,33,30,1,21,19,Reject,C,12,176.000,2024-03-04 13:56:00.0000000
20240306,17,18,23,3,44,116,Class2,A,10,114.000,2024-03-06 14:29:00.0000000
20240311,4,1,2,3,45,147,Reject,C,43,36.000,2024-03-11 09:41:00.0000000
20240312,16,62,59,1,30,39,Class1,C,37,100.800,2024-03-12 11:21:00.0000000
20240315,7,44,41,3,49,131,Reject,C,18,86.000,2024-03-15 14:52:00.0000000
20240318,10,12,8,1,31,10,Reject,A,14,192.000,2024-03-18 12:28:00.0000000
20240318,16,37,34,2,15,19,Class1,B,30,81.600,2024-03-18 11:53:00.0000000
20240321,16,33,30,1,40,84,Class2,B,28,42.900,2024-03-21 15:43:00.0000000
20240322,6,7,17,4,1,49,Class1,C,46,170.200,2024-03-22 09:24:00.0000000
20240323,4,14,11,1,14,63,Reject,A,47,148.000,2024-03-23 10:38:00.0000000
20240324,9,55,52,1,45,138,Class1,C,23,121.600,2024-03-24 11:46:00.0000000
20240325,18,7,17,4,1,174,Class1,C,14,115.200,2024-03-25 09:22:00.0000000
20240326,18,32,29,2,34,171,Reject,C,23,108.000,2024-03-26 13:29:00.0000000
20240327,14,30,27,1,49,70,Reject,C,15,154.800,2024-03-27 15:40:00.0000000
20240328,8,3,6,2,44,31,Class1,B,41,48.000,2024-03-28 14:54:00.0000000
20240329,8,26,26,3,47,54,Reject,B,15,57.800,2024-03-29 07:59:00.0000000
20240329,11,3,6,2,25,54,Class2,C,37,197.800,2024-03-29 11:07:00.0000000
20240330,3,62,59,1,2,149,Class1,A,40,132.600,2024-03-30 12:37:00.0000000
20240402,17,4,15,3,20,112,Reject,A,19,97.500,2024-04-02 06:00:00.0000000
20240404,2,2,4,3,25,51,Class1,C,39,90.200,2024-04-04 13:53:00.0000000
20240404,3,2,4,3,6,140,Reject,C,12,120.400,2024-04-04 06:00:00.0000000
20240406,8,45,42,2,37,135,Class1,C,47,70.300,2024-04-06 13:21:00.0000000
20240407,3,16,13,2,3,136,Class1,C,20,59.800,2024-04-07 15:53:00.0000000
20240408,7,51,48,1,12,151,Class1,C,43,167.200,2024-04-08 15:17:00.0000000
20240409,13,21,19,1,31,35,Reject,A,22,129.500,2024-04-09 15:13:00.0000000
20240412,17,46,43,1,2,198,Reject,C,39,36.000,2024-04-12 12:40:00.0000000
20240413,9,59,55,2,40,191,Reject,C,44,197.400,2024-04-13 10:58:00.0000000
20240414,7,3,5,1,5,167,Class1,A,31,92.400,2024-04-14 14:55:00.0000000
20240414,18,40,37,1,11,103,Class1,C,12,114.800,2024-04-14 12:18:00.0000000
20240418,1,57,54,1,18,57,Class1,C,20,111.600,2024-04-18 07:49:00.0000000
20240418,18,40,37,1,14,139,Class2,C,29,88.200,2024-04-18 10:08:00.0000000
20240419,3,12,7,1,18,120,Class2,A,31,33.000,2024-04-19 15:54:00.0000000
20240423,8,30,27,1,45,74,Reject,B,37,132.000,2024-04-23 06:01:00.0000000
20240425,16,1,1,1,11,191,Reject,B,37,48.100,2024-04-25 13:33:00.0000000
20240429,5,3,5,1,10,168,Reject,C,12,40.800,2024-04-29 09:22:00.0000000
20240429,6,46,43,1,49,195,Class1,C,16,99.000,2024-04-29 15:02:00.0000000
20240502,6,18,22,3,14,22,Class2,C,17,101.200,2024-05-02 11:59:00.0000000
20240502,7,26,26,3,48,80,Class1,B,40,81.000,2024-05-02 13:38:00.0000000
20240503,17,18,23,3,26,135,Reject,C,26,193.200,2024-05-03 11:10:00.0000000
20240513,12,26,26,3,48,101,Reject,B,40,61.500,2024-05-13 13:52:00.0000000
20240518,14,7,18,1,15,132,Reject,A,14,118.400,2024-05-18 12:34:00.0000000
20240521,3,36,33,1,44,1,Class2,A,29,80.000,2024-05-21 14:59:00.0000000
20240523,2,31,28,3,49,165,Reject,A,26,133.300,2024-05-23 10:57:00.0000000
20240528,16,32,29,2,42,123,Class1,C,35,57.000,2024-05-28 10:27:00.0000000
20240529,2,43,40,1,27,6,Class2,B,15,184.000,2024-05-29 12:31:00.0000000
20240601,4,26,26,3,28,184,Class1,A,36,152.000,2024-06-01 07:17:00.0000000
20240602,7,22,20,2,5,30,Reject,B,17,94.500,2024-06-02 15:41:00.0000000
20240603,7,46,43,1,40,89,Reject,C,18,101.200,2024-06-03 15:53:00.0000000
20240609,3,44,41,3,42,141,Class1,A,26,133.200,2024-06-09 10:56:00.0000000
20240609,11,12,9,3,7,58,Class1,B,43,76.500,2024-06-09 13:50:00.0000000
20240610,9,42,39,2,23,148,Reject,B,20,67.500,2024-06-10 15:03:00.0000000
20240611,5,14,11,1,22,30,Reject,C,22,86.400,2024-06-11 13:03:00.0000000
20240611,7,40,37,1,15,117,Reject,B,27,115.600,2024-06-11 12:19:00.0000000
20240613,7,3,6,2,43,99,Class1,C,13,98.400,2024-06-13 11:43:00.0000000
20240614,8,12,7,1,14,37,Class2,C,15,180.000,2024-06-14 07:37:00.0000000
20240617,3,18,22,3,23,77,Reject,A,38,126.000,2024-06-17 13:08:00.0000000
20240617,12,7,17,4,42,8,Class1,C,34,85.100,2024-06-17 12:17:00.0000000
20240620,2,43,40,1,13,145,Reject,A,33,76.500,2024-06-20 14:10:00.0000000
20240622,7,57,54,1,9,15,Class2,B,28,197.800,2024-06-22 08:57:00.0000000
20240624,11,45,42,2,36,173,Class1,C,31,75.900,2024-06-24 09:58:00.0000000
20240624,18,23,21,1,41,40,Class1,A,25,117.000,2024-06-24 13:41:00.0000000
20240626,8,21,19,1,42,123,Class1,B,48,81.400,2024-06-26 10:28:00.0000000
20240626,18,51,48,1,22,147,Class1,A,22,133.000,2024-06-26 12:17:00.0000000
20240628,8,47,44,1,30,150,Class2,A,14,79.200,2024-06-28 14:31:00.0000000
20240628,17,51,48,1,45,62,Reject,C,16,187.200,2024-06-28 08:02:00.0000000
20240701,17,43,40,1,5,126,Class2,C,34,45.000,2024-07-01 14:14:00.0000000
20240704,11,12,9,3,19,138,Reject,B,29,72.000,2024-07-04 14:46:00.0000000
20240704,14,14,11,1,45,28,Reject,C,25,81.600,2024-07-04 10:39:00.0000000
20240706,2,60,57,1,37,131,Class2,B,46,180.000,2024-07-06 06:09:00.0000000
20240706,6,42,39,2,29,12,Reject,B,33,200.900,2024-07-06 15:12:00.0000000
20240707,17,55,52,1,10,19,Class1,A,46,84.000,2024-07-07 10:38:00.0000000
20240708,9,49,45,3,36,86,Class1,B,14,32.000,2024-07-08 08:04:00.0000000
20240711,15,1,2,3,39,117,Class1,C,16,52.800,2024-07-11 06:43:00.0000000
20240712,17,1,2,3,4,132,Class1,A,45,72.000,2024-07-12 06:56:00.0000000
20240713,12,59,56,2,50,43,Reject,C,46,66.500,2024-07-13 11:45:00.0000000
20240714,11,32,29,2,24,82,Class1,C,26,101.400,2024-07-14 12:26:00.0000000
20240719,11,30,27,1,26,107,Reject,C,19,197.800,2024-07-19 11:05:00.0000000
20240720,3,39,36,3,42,40,Class1,A,28,139.500,2024-07-20 06:32:00.0000000
20240721,18,4,15,3,34,63,Class2,A,24,46.200,2024-07-21 13:46:00.0000000
20240724,7,42,38,2,16,18,Class1,B,48,44.200,2024-07-24 10:30:00.0000000
20240724,10,32,29,2,11,196,Class1,C,26,54.000,2024-07-24 12:37:00.0000000
20240725,4,2,3,1,30,37,Reject,B,18,118.400,2024-07-25 13:54:00.0000000
20240727,2,3,5,1,42,88,Class2,A,47,178.600,2024-07-27 12:35:00.0000000
20240729,1,42,39,2,16,97,Reject,B,45,112.000,2024-07-29 09:14:00.0000000
20240730,1,3,5,1,11,116,Reject,A,32,52.800,2024-07-30 14:05:00.0000000
20240730,5,46,43,1,36,148,Reject,B,11,66.600,2024-07-30 10:52:00.0000000
20240802,7,26,26,3,4,179,Class1,C,20,90.000,2024-08-02 12:20:00.0000000
20240804,15,61,58,2,39,184,Class1,C,43,99.900,2024-08-04 11:13:00.0000000
20240806,6,40,37,1,10,65,Class1,B,23,34.000,2024-08-06 10:55:00.0000000
20240806,9,56,53,3,12,79,Reject,A,44,67.200,2024-08-06 12:51:00.0000000
20240811,1,34,31,3,33,105,Class1,A,30,157.500,2024-08-11 14:04:00.0000000
20240813,1,2,3,1,11,135,Class1,A,26,44.800,2024-08-13 13:15:00.0000000
20240813,3,3,6,2,45,154,Class1,A,21,205.800,2024-08-13 09:53:00.0000000
20240813,3,40,37,1,17,151,Class2,C,35,93.600,2024-08-13 14:16:00.0000000
20240813,10,26,25,3,39,3,Class2,C,42,38.000,2024-08-13 07:18:00.0000000
20240814,1,44,41,3,13,166,Class1,B,30,157.500,2024-08-14 10:07:00.0000000
20240816,2,14,11,1,18,198,Class2,C,30,82.800,2024-08-16 07:31:00.0000000
20240817,9,52,49,3,29,179,Reject,B,48,174.800,2024-08-17 14:28:00.0000000
20240817,14,26,24,3,41,151,Class2,C,43,193.200,2024-08-17 08:55:00.0000000
20240820,7,52,49,3,50,165,Reject,C,34,49.400,2024-08-20 08:55:00.0000000
20240820,18,12,10,3,8,177,Reject,C,17,77.400,2024-08-20 13:59:00.0000000
20240822,13,2,4,3,45,9,Class1,A,29,196.000,2024-08-22 06:34:00.0000000
20240824,2,36,33,1,3,26,Class2,C,48,151.700,2024-08-24 15:39:00.0000000
20240825,1,61,58,2,17,2,Reject,A,23,165.600,2024-08-25 13:47:00.0000000
20240827,13,14,12,1,38,178,Class1,A,31,69.000,2024-08-27 07:18:00.0000000
20240827,14,22,20,2,15,68,Class1,A,37,179.400,2024-08-27 15:32:00.0000000
20240829,8,50,47,2,1,29,Class1,C,36,66.600,2024-08-29 13:25:00.0000000
20240830,2,4,15,3,13,177,Reject,B,43,155.800,2024-08-30 08:42:00.0000000
20240901,15,57,54,1,26,4,Class1,C,21,45.600,2024-09-01 08:41:00.0000000
20240902,16,23,21,1,46,13,Class1,A,23,133.400,2024-09-02 14:54:00.0000000
20240903,11,57,54,1,30,171,Class1,C,27,180.000,2024-09-03 07:35:00.0000000
20240905,12,4,15,3,47,29,Reject,A,44,216.200,2024-09-05 15:21:00.0000000
20240906,2,12,10,3,29,25,Class1,A,48,121.800,2024-09-06 07:54:00.0000000
20240908,2,49,46,3,4,163,Class2,A,45,115.500,2024-09-08 13:35:00.0000000
20240909,10,44,41,3,38,38,Class1,C,44,64.000,2024-09-09 08:10:00.0000000
20240911,4,14,11,1,50,46,Reject,C,44,96.800,2024-09-11 06:01:00.0000000
20240912,7,22,20,2,13,176,Class2,A,29,81.900,2024-09-12 14:41:00.0000000
20240912,16,18,22,3,38,96,Class1,B,37,152.100,2024-09-12 06:40:00.0000000
20240913,16,59,56,2,22,56,Class2,A,11,46.200,2024-09-13 14:07:00.0000000
20240917,6,47,44,1,3,24,Reject,B,33,97.200,2024-09-17 10:05:00.0000000
20240920,10,55,52,1,12,164,Reject,A,27,132.600,2024-09-20 10:19:00.0000000
20240921,12,2,4,3,50,18,Class2,C,44,165.600,2024-09-21 12:36:00.0000000
20240922,5,46,43,1,3,128,Class1,B,22,39.000,2024-09-22 06:14:00.0000000
20240922,7,39,36,3,35,16,Reject,A,20,206.800,2024-09-22 12:26:00.0000000
20240922,16,46,43,1,10,59,Class1,A,45,158.400,2024-09-22 07:46:00.0000000
20240923,4,59,55,2,15,56,Class1,A,36,79.200,2024-09-23 06:16:00.0000000
20240924,7,43,40,1,21,121,Class1,C,17,186.200,2024-09-24 13:44:00.0000000
20240927,12,62,59,1,7,156,Class1,C,32,142.800,2024-09-27 15:59:00.0000000
20240929,12,37,34,2,16,165,Class1,B,14,85.000,2024-09-29 12:13:00.0000000
20240930,12,2,3,1,23,98,Reject,C,16,102.600,2024-09-30 09:40:00.0000000
20240930,17,4,15,3,2,174,Class1,C,12,193.500,2024-09-30 06:45:00.0000000
20240930,18,33,30,1,39,65,Reject,A,32,75.900,2024-09-30 14:18:00.0000000
20241004,4,49,45,3,15,71,Reject,C,28,211.200,2024-10-04 12:41:00.0000000
20241009,17,46,43,1,19,60,Class1,C,30,115.500,2024-10-09 15:27:00.0000000
20241009,17,49,46,3,38,155,Class2,A,28,70.200,2024-10-09 14:12:00.0000000
20241010,6,49,46,3,49,37,Reject,A,31,144.000,2024-10-10 13:32:00.0000000
20241011,8,36,32,1,11,80,Reject,C,31,136.000,2024-10-11 12:18:00.0000000
20241018,4,39,36,3,1,157,Class2,C,37,197.800,2024-10-18 07:53:00.0000000
20241018,11,12,8,1,27,184,Class1,C,48,133.300,2024-10-18 08:42:00.0000000
20241019,11,57,54,1,44,179,Class1,B,47,202.400,2024-10-19 14:45:00.0000000
20241022,10,12,8,1,21,69,Class2,C,45,55.900,2024-10-22 06:35:00.0000000
20241022,16,49,46,3,14,58,Class2,B,37,159.600,2024-10-22 08:46:00.0000000
20241023,1,2,3,1,17,56,Reject,C,17,180.400,2024-10-23 09:51:00.0000000
20241025,5,55,52,1,32,191,Reject,C,39,138.600,2024-10-25 10:29:00.0000000
20241025,14,16,13,2,37,144,Reject,C,34,132.600,2024-10-25 12:53:00.0000000
20241028,2,7,17,4,34,197,Class1,A,35,54.000,2024-10-28 06:13:00.0000000
20241029,11,51,48,1,50,74,Class1,C,28,73.600,2024-10-29 15:27:00.0000000
20241101,13,47,44,1,26,10,Reject,B,15,110.200,2024-11-01 13:59:00.0000000
20241104,7,63,60,3,32,60,Class1,B,17,121.500,2024-11-04 15:28:00.0000000
20241105,3,2,3,1,21,178,Reject,A,20,99.200,2024-11-05 14:37:00.0000000
20241108,15,43,40,1,46,139,Class1,A,39,125.800,2024-11-08 07:27:00.0000000
20241110,4,44,41,3,35,36,Class1,B,31,68.400,2024-11-10 06:02:00.0000000
20241111,8,22,20,2,42,191,Class1,B,36,39.000,2024-11-11 10:41:00.0000000
20241114,13,1,1,1,10,126,Class1,A,11,193.200,2024-11-14 09:26:00.0000000
20241114,17,42,39,2,40,148,Reject,B,45,225.400,2024-11-14 09:51:00.0000000
20241115,17,14,11,1,47,138,Class2,C,44,49.000,2024-11-15 11:42:00.0000000
20241117,15,63,60,3,41,138,Class1,C,23,161.000,2024-11-17 14:56:00.0000000
20241118,17,26,26,3,3,133,Class1,C,25,172.000,2024-11-18 10:51:00.0000000
20241119,1,43,40,1,15,83,Class2,A,47,104.000,2024-11-19 07:49:00.0000000
20241120,1,56,53,3,23,37,Class2,A,30,67.500,2024-11-20 08:39:00.0000000
20241120,16,40,37,1,17,190,Class1,C,10,159.600,2024-11-20 07:49:00.0000000
20241125,9,26,24,3,9,119,Class2,C,19,147.000,2024-11-25 11:31:00.0000000
20241126,1,3,5,1,24,35,Reject,C,27,110.700,2024-11-26 14:03:00.0000000
20241126,13,40,37,1,32,1,Reject,C,44,62.700,2024-11-26 11:48:00.0000000
20241127,9,37,34,2,26,82,Reject,B,34,138.600,2024-11-27 11:08:00.0000000
20241129,4,14,12,1,44,179,Reject,C,15,142.600,2024-11-29 07:15:00.0000000
20241130,1,16,13,2,15,75,Class1,A,25,171.000,2024-11-30 12:16:00.0000000
20241130,2,49,45,3,2,42,Class1,A,11,154.000,2024-11-30 12:00:00.0000000
20241130,14,52,49,3,13,84,Class2,A,19,66.300,2024-11-30 07:23:00.0000000
20241206,1,37,34,2,18,38,Class1,B,22,215.600,2024-12-06 13:55:00.0000000
20241206,17,16,13,2,26,36,Class2,A,37,211.500,2024-12-06 06:47:00.0000000
20241209,6,54,51,2,40,187,Class2,B,44,81.700,2024-12-09 10:22:00.0000000
20241211,2,61,58,2,42,173,Class1,C,45,180.600,2024-12-11 15:52:00.0000000
20241211,15,21,19,1,39,58,Reject,C,39,39.600,2024-12-11 09:13:00.0000000
20241212,13,3,5,1,14,89,Reject,C,11,50.600,2024-12-12 06:21:00.0000000
20241213,2,61,58,2,26,184,Reject,A,30,162.000,2024-12-13 14:03:00.0000000
20241213,6,49,46,3,50,126,Reject,B,44,71.400,2024-12-13 10:53:00.0000000
20241214,11,57,54,1,26,200,Reject,C,19,163.800,2024-12-14 12:03:00.0000000
20241215,6,56,53,3,13,113,Class2,A,42,94.600,2024-12-15 09:29:00.0000000
20241216,6,39,36,3,46,182,Class2,C,19,175.500,2024-12-16 07:34:00.0000000
20241217,12,12,8,1,19,55,Class1,B,14,54.600,2024-12-17 11:44:00.0000000
20241217,17,42,39,2,30,104,Reject,C,12,122.100,2024-12-17 09:46:00.0000000
20241219,15,21,19,1,23,85,Class1,C,27,162.000,2024-12-19 11:15:00.0000000
20241221,15,50,47,2,28,41,Class2,B,47,133.000,2024-12-21 13:26:00.0000000
20241222,6,49,46,3,24,55,Class1,A,17,154.000,2024-12-22 07:22:00.0000000
20241223,2,47,44,1,14,54,Reject,A,11,174.800,2024-12-23 14:04:00.0000000
20241223,11,26,26,3,3,183,Class1,A,28,130.500,2024-12-23 08:27:00.0000000
20241224,3,40,37,1,35,109,Class2,B,34,147.200,2024-12-24 12:57:00.0000000
20241224,9,30,27,1,35,28,Class1,A,46,154.000,2024-12-24 15:40:00.0000000
20241225,14,26,26,3,31,166,Class1,A,39,40.700,2024-12-25 12:33:00.0000000
20241227,8,3,6,2,5,119,Class1,C,20,210.700,2024-12-27 14:17:00.0000000
20241227,8,12,10,3,20,11,Class2,C,10,138.600,2024-12-27 15:18:00.0000000
20241227,15,7,18,1,35,58,Reject,A,22,207.000,2024-12-27 15:44:00.0000000
20241228,8,18,22,3,34,164,Reject,A,34,63.000,2024-12-28 06:42:00.0000000
20250101,13,1,2,3,35,21,Class1,C,19,62.400,2025-01-01 09:05:00.0000000
20250103,1,23,21,1,38,138,Reject,B,26,57.200,2025-01-03 08:40:00.0000000
20250104,2,36,32,1,18,139,Reject,C,17,106.600,2025-01-04 12:15:00.0000000
20250104,14,38,35,1,27,68,Reject,B,43,74.800,2025-01-04 10:10:00.0000000
20250105,6,42,38,2,38,162,Reject,C,13,58.800,2025-01-05 11:10:00.0000000
20250105,14,49,46,3,7,155,Class1,B,16,105.400,2025-01-05 13:04:00.0000000
20250106,18,38,35,1,30,58,Reject,A,14,88.000,2025-01-06 10:30:00.0000000
20250107,17,26,24,3,5,95,Class1,A,27,88.000,2025-01-07 10:02:00.0000000
20250108,3,51,48,1,39,142,Reject,A,44,107.300,2025-01-08 06:49:00.0000000
20250108,8,36,33,1,5,100,Reject,A,17,134.400,2025-01-08 11:33:00.0000000
20250108,10,12,8,1,21,156,Reject,B,27,136.000,2025-01-08 08:23:00.0000000
20250113,14,1,1,1,31,175,Reject,A,27,111.800,2025-01-13 08:11:00.0000000
20250119,10,62,59,1,16,173,Reject,A,29,95.000,2025-01-19 08:25:00.0000000
20250121,16,39,36,3,49,34,Reject,B,39,111.000,2025-01-21 15:37:00.0000000
20250126,5,16,14,2,41,72,Reject,C,33,175.500,2025-01-26 12:35:00.0000000
20250129,6,39,36,3,43,26,Class1,B,18,105.600,2025-01-29 10:48:00.0000000
20250130,2,26,25,3,36,22,Reject,B,30,76.800,2025-01-30 11:02:00.0000000
20250130,9,46,43,1,26,120,Class2,C,16,108.900,2025-01-30 13:03:00.0000000
20250130,14,7,17,4,47,101,Reject,C,36,92.500,2025-01-30 09:14:00.0000000
20250203,16,16,14,2,48,16,Class2,C,45,66.000,2025-02-03 08:25:00.0000000
20250205,8,54,51,2,25,100,Reject,B,19,98.000,2025-02-05 15:08:00.0000000
20250205,15,51,48,1,33,108,Class2,C,33,98.900,2025-02-05 14:34:00.0000000
20250206,6,4,15,3,11,75,Class2,A,44,68.400,2025-02-06 15:05:00.0000000
20250210,6,21,19,1,25,135,Reject,B,18,129.500,2025-02-10 11:27:00.0000000
20250211,1,50,47,2,35,194,Class2,B,37,86.000,2025-02-11 12:34:00.0000000
20250212,8,42,38,2,20,48,Reject,B,38,180.600,2025-02-12 14:29:00.0000000
20250213,14,12,9,3,46,56,Class1,C,29,151.800,2025-02-13 14:09:00.0000000
20250214,6,52,49,3,46,97,Reject,C,17,206.800,2025-02-14 09:00:00.0000000
20250216,10,42,38,2,48,128,Reject,C,38,225.400,2025-02-16 09:49:00.0000000
20250218,9,31,28,3,46,34,Reject,B,38,112.500,2025-02-18 15:54:00.0000000
20250222,5,45,42,2,18,122,Class1,A,32,107.500,2025-02-22 14:04:00.0000000
20250224,16,21,19,1,33,27,Reject,C,23,147.000,2025-02-24 11:49:00.0000000
20250227,14,33,30,1,25,130,Reject,C,45,105.600,2025-02-27 10:38:00.0000000
20250301,2,62,59,1,1,42,Reject,A,12,100.000,2025-03-01 14:57:00.0000000
20250302,2,39,36,3,2,64,Reject,B,43,42.900,2025-03-02 15:08:00.0000000
20250303,11,52,49,3,11,21,Reject,B,16,128.700,2025-03-03 14:18:00.0000000
20250304,4,3,5,1,35,149,Class1,C,29,122.500,2025-03-04 06:09:00.0000000
20250305,7,4,16,1,38,4,Class1,C,11,102.500,2025-03-05 11:58:00.0000000
20250305,12,43,40,1,48,133,Class1,A,20,117.000,2025-03-05 06:17:00.0000000
20250305,16,36,32,1,11,169,Reject,B,20,73.600,2025-03-05 07:43:00.0000000
20250310,3,16,13,2,4,134,Reject,C,13,115.600,2025-03-10 12:40:00.0000000
20250310,13,4,16,1,19,29,Class1,A,49,131.200,2025-03-10 07:37:00.0000000
20250311,1,60,57,1,18,27,Reject,B,16,50.700,2025-03-11 09:51:00.0000000
20250313,9,14,11,1,1,41,Reject,C,34,117.000,2025-03-13 10:33:00.0000000
20250313,18,51,48,1,50,20,Reject,A,36,210.700,2025-03-13 13:01:00.0000000
20250316,11,2,4,3,48,127,Reject,C,18,96.000,2025-03-16 09:11:00.0000000
20250317,14,60,57,1,38,166,Reject,C,22,58.800,2025-03-17 07:32:00.0000000
20250319,5,22,20,2,4,170,Class2,A,12,110.700,2025-03-19 06:38:00.0000000
20250319,12,34,31,3,21,29,Class1,C,49,42.900,2025-03-19 08:53:00.0000000
20250323,17,30,27,1,11,51,Class2,B,41,120.000,2025-03-23 15:25:00.0000000
20250326,16,55,52,1,20,92,Class2,B,38,133.200,2025-03-26 06:58:00.0000000
20250328,4,2,4,3,14,89,Reject,A,10,102.400,2025-03-28 11:28:00.0000000
20250329,4,46,43,1,16,41,Class1,A,46,160.000,2025-03-29 09:08:00.0000000
20250330,14,4,15,3,36,13,Reject,B,14,122.100,2025-03-30 15:44:00.0000000
20250331,13,55,52,1,41,180,Class1,B,45,61.500,2025-03-31 10:02:00.0000000
20250401,6,44,41,3,45,124,Reject,B,27,64.600,2025-04-01 06:47:00.0000000
20250401,11,36,32,1,20,162,Class2,C,18,93.600,2025-04-01 12:08:00.0000000
20250402,17,32,29,2,4,94,Class2,C,17,107.300,2025-04-02 11:47:00.0000000
20250403,1,44,41,3,12,109,Class1,C,33,172.800,2025-04-03 08:24:00.0000000
20250404,14,14,12,1,23,149,Class1,A,12,147.600,2025-04-04 12:12:00.0000000
20250405,18,53,50,1,20,61,Class1,C,44,42.900,2025-04-05 15:29:00.0000000
20250406,2,18,23,3,39,32,Reject,C,45,206.800,2025-04-06 09:55:00.0000000
20250406,8,21,19,1,24,183,Reject,B,19,215.600,2025-04-06 08:56:00.0000000
20250407,15,3,6,2,38,200,Reject,C,38,140.800,2025-04-07 08:58:00.0000000
20250410,4,2,3,1,33,157,Reject,C,43,153.600,2025-04-10 06:10:00.0000000
20250411,6,12,7,1,6,184,Class1,C,16,210.700,2025-04-11 08:12:00.0000000
20250412,8,23,21,1,15,174,Class1,A,39,45.000,2025-04-12 07:37:00.0000000
20250412,15,12,8,1,10,17,Class1,C,19,85.800,2025-04-12 09:57:00.0000000
20250414,1,12,9,3,20,148,Class1,A,18,118.400,2025-04-14 13:31:00.0000000
20250414,11,62,59,1,34,108,Reject,C,47,156.000,2025-04-14 07:54:00.0000000
20250416,9,26,25,3,20,95,Reject,A,44,153.000,2025-04-16 07:57:00.0000000
20250420,1,39,36,3,1,143,Class1,C,42,51.600,2025-04-20 09:14:00.0000000
20250420,4,53,50,1,21,148,Reject,C,32,49.400,2025-04-20 08:42:00.0000000
20250420,7,1,2,3,1,66,Reject,B,23,152.000,2025-04-20 06:45:00.0000000
20250421,10,12,8,1,37,51,Class2,A,17,156.400,2025-04-21 13:33:00.0000000
20250424,7,42,39,2,50,138,Class1,A,16,95.000,2025-04-24 13:06:00.0000000
20250424,15,4,16,1,50,199,Reject,C,10,193.200,2025-04-24 14:01:00.0000000
20250425,13,4,15,3,41,36,Reject,A,41,180.400,2025-04-25 09:26:00.0000000
20250426,16,40,37,1,42,178,Reject,A,13,118.400,2025-04-26 13:13:00.0000000
20250427,1,4,16,1,16,195,Class2,B,13,189.200,2025-04-27 06:47:00.0000000
20250427,18,21,19,1,29,79,Reject,B,34,158.400,2025-04-27 11:21:00.0000000
20250428,8,18,23,3,41,120,Class1,C,48,143.500,2025-04-28 13:05:00.0000000
20250429,7,26,26,3,18,143,Class1,C,28,39.000,2025-04-29 10:13:00.0000000
20250430,5,23,21,1,42,180,Class2,A,35,73.800,2025-04-30 09:17:00.0000000
20250430,10,36,33,1,23,137,Class1,A,21,70.000,2025-04-30 11:47:00.0000000
20250503,1,16,14,2,34,73,Class2,B,40,100.000,2025-05-03 14:40:00.0000000
20250512,5,12,8,1,50,105,Reject,C,17,76.800,2025-05-12 08:15:00.0000000
20250512,7,3,6,2,8,25,Class1,C,24,48.000,2025-05-12 12:56:00.0000000
20250512,16,53,50,1,46,145,Class2,A,45,46.000,2025-05-12 13:27:00.0000000
20250513,17,47,44,1,27,94,Class1,A,23,122.100,2025-05-13 12:46:00.0000000
20250514,5,52,49,3,11,42,Class1,A,14,49.400,2025-05-14 06:34:00.0000000
20250516,1,2,3,1,50,120,Reject,C,17,64.400,2025-05-16 15:24:00.0000000
20250522,12,56,53,3,36,189,Class2,C,20,189.000,2025-05-22 14:11:00.0000000
20250523,5,57,54,1,29,125,Reject,C,37,216.000,2025-05-23 09:45:00.0000000
20250525,15,30,27,1,15,124,Reject,A,17,64.600,2025-05-25 06:44:00.0000000
20250526,12,50,47,2,50,24,Reject,A,34,57.800,2025-05-26 13:48:00.0000000
20250528,5,37,34,2,50,100,Reject,A,33,54.600,2025-05-28 09:16:00.0000000
20250529,1,2,3,1,33,44,Class1,A,22,125.800,2025-05-29 06:49:00.0000000
20250529,6,16,14,2,3,78,Class1,B,44,196.000,2025-05-29 15:58:00.0000000
20250530,3,42,39,2,27,138,Class1,C,43,44.800,2025-05-30 10:36:00.0000000
20250531,9,46,43,1,38,179,Class1,C,21,159.600,2025-05-31 14:21:00.0000000
20250531,16,4,16,1,8,172,Class1,C,28,84.000,2025-05-31 06:35:00.0000000
20250602,10,16,13,2,33,198,Reject,A,36,156.000,2025-06-02 14:08:00.0000000
20250605,15,36,32,1,24,176,Class1,C,17,35.200,2025-06-05 15:22:00.0000000
20250606,12,14,12,1,14,145,Reject,B,17,92.400,2025-06-06 14:20:00.0000000
20250607,4,16,14,2,41,114,Class2,A,34,135.000,2025-06-07 11:01:00.0000000
20250607,6,43,40,1,18,162,Reject,C,20,156.000,2025-06-07 10:23:00.0000000
20250607,13,26,26,3,23,51,Reject,A,47,52.800,2025-06-07 07:11:00.0000000
20250608,1,26,24,3,22,123,Class1,A,26,61.200,2025-06-08 10:16:00.0000000
20250609,17,18,23,3,6,82,Reject,C,38,53.200,2025-06-09 15:43:00.0000000
20250611,14,1,2,3,38,55,Class1,A,31,122.100,2025-06-11 07:39:00.0000000
20250612,13,2,3,1,45,119,Class1,C,11,43.000,2025-06-12 09:13:00.0000000
20250613,1,56,53,3,32,33,Class2,C,15,51.600,2025-06-13 15:48:00.0000000
20250613,4,30,27,1,46,46,Class2,C,37,84.000,2025-06-13 10:41:00.0000000
20250613,8,18,22,3,10,81,Class2,A,29,136.000,2025-06-13 14:27:00.0000000
20250614,9,44,41,3,46,166,Reject,C,34,91.000,2025-06-14 10:00:00.0000000
20250615,17,55,52,1,8,23,Class2,A,39,70.000,2025-06-15 15:40:00.0000000
20250616,2,2,4,3,49,93,Class1,C,30,166.500,2025-06-16 09:13:00.0000000
20250616,15,51,48,1,47,174,Reject,C,33,178.600,2025-06-16 10:21:00.0000000
20250617,7,3,5,1,1,197,Reject,A,13,147.200,2025-06-17 10:53:00.0000000
20250617,11,1,1,1,31,172,Class1,A,37,168.000,2025-06-17 12:06:00.0000000
20250618,5,63,60,3,28,52,Reject,A,38,54.400,2025-06-18 14:03:00.0000000
20250619,18,61,58,2,18,154,Class1,B,49,140.000,2025-06-19 09:31:00.0000000
20250621,13,33,30,1,23,15,Reject,A,48,135.000,2025-06-21 06:08:00.0000000
20250622,6,12,10,3,4,73,Reject,C,34,163.400,2025-06-22 13:32:00.0000000
20250622,6,47,44,1,25,1,Reject,C,41,85.000,2025-06-22 06:14:00.0000000
20250623,7,22,20,2,14,194,Reject,A,11,166.600,2025-06-23 15:50:00.0000000
20250629,10,2,4,3,35,4,Class2,C,38,110.700,2025-06-29 10:21:00.0000000
20250630,15,51,48,1,38,123,Reject,A,28,125.400,2025-06-30 11:18:00.0000000
20250701,18,63,60,3,32,92,Class1,A,17,117.600,2025-07-01 12:13:00.0000000
20250703,16,59,55,2,29,145,Class1,A,25,180.400,2025-07-03 06:02:00.0000000
20250704,6,14,12,1,39,27,Class1,C,26,176.400,2025-07-04 09:40:00.0000000
20250704,12,1,1,1,37,187,Class1,C,15,146.200,2025-07-04 10:09:00.0000000
20250706,11,1,1,1,44,132,Class1,A,19,125.400,2025-07-06 15:26:00.0000000
20250707,9,59,55,2,46,183,Class2,C,10,129.600,2025-07-07 09:26:00.0000000
20250707,10,40,37,1,1,108,Reject,B,41,56.100,2025-07-07 07:32:00.0000000
20250707,11,49,45,3,8,112,Reject,C,11,40.800,2025-07-07 12:44:00.0000000
20250708,9,12,9,3,36,190,Reject,A,37,99.000,2025-07-08 11:22:00.0000000
20250708,13,62,59,1,44,167,Class1,A,38,94.500,2025-07-08 14:46:00.0000000
20250709,12,49,45,3,25,116,Class1,A,24,147.600,2025-07-09 09:48:00.0000000
20250710,7,18,23,3,2,66,Reject,C,11,207.000,2025-07-10 09:51:00.0000000
20250712,18,55,52,1,5,90,Class1,A,37,124.000,2025-07-12 08:00:00.0000000
20250713,1,21,19,1,1,161,Class1,A,12,114.400,2025-07-13 07:25:00.0000000
20250716,4,51,48,1,38,113,Class1,A,11,136.900,2025-07-16 06:28:00.0000000
20250717,6,12,7,1,40,168,Class1,B,16,138.600,2025-07-17 07:16:00.0000000
20250717,6,49,45,3,5,53,Reject,C,32,32.000,2025-07-17 08:08:00.0000000
20250718,11,63,60,3,34,169,Class2,B,33,96.000,2025-07-18 12:55:00.0000000
20250720,3,51,48,1,17,107,Reject,B,16,123.200,2025-07-20 06:14:00.0000000
20250721,11,34,31,3,44,169,Reject,B,47,53.200,2025-07-21 09:10:00.0000000
20250722,3,18,22,3,34,127,Reject,A,32,184.500,2025-07-22 10:03:00.0000000
20250722,12,14,12,1,39,195,Class1,B,40,198.000,2025-07-22 11:38:00.0000000
20250723,4,12,8,1,24,190,Class2,A,31,60.200,2025-07-23 15:21:00.0000000
20250725,10,55,52,1,40,67,Class2,C,13,193.500,2025-07-25 08:51:00.0000000
20250730,17,16,14,2,45,47,Class2,B,38,95.200,2025-07-30 09:20:00.0000000
20250801,8,3,6,2,19,188,Class2,C,29,202.100,2025-08-01 09:59:00.0000000
20250801,12,1,1,1,12,167,Class1,C,27,98.000,2025-08-01 06:45:00.0000000
20250801,13,39,36,3,2,140,Reject,B,20,103.200,2025-08-01 15:59:00.0000000
20250803,4,12,7,1,22,4,Class1,B,20,167.700,2025-08-03 10:45:00.0000000
20250803,9,37,34,2,1,133,Reject,A,27,125.800,2025-08-03 08:19:00.0000000
20250804,11,51,48,1,31,25,Reject,B,18,87.500,2025-08-04 15:35:00.0000000
20250811,2,22,20,2,8,75,Class2,C,37,77.400,2025-08-11 09:47:00.0000000
20250811,10,56,53,3,44,40,Class1,C,12,147.200,2025-08-11 11:52:00.0000000
20250813,18,12,9,3,17,27,Class2,A,12,146.200,2025-08-13 13:17:00.0000000
20250815,8,61,58,2,16,151,Class2,B,35,129.200,2025-08-15 12:53:00.0000000
20250815,15,61,58,2,26,179,Class2,C,25,38.500,2025-08-15 08:26:00.0000000
20250816,17,31,28,3,32,100,Reject,A,31,73.800,2025-08-16 15:08:00.0000000
20250817,17,30,27,1,46,159,Class2,C,44,140.400,2025-08-17 09:31:00.0000000
20250818,1,1,2,3,22,187,Reject,C,18,143.500,2025-08-18 13:52:00.0000000
20250819,5,1,2,3,4,106,Class1,C,13,64.400,2025-08-19 09:34:00.0000000
20250820,9,37,34,2,20,199,Reject,C,12,52.000,2025-08-20 06:12:00.0000000
20250823,12,53,50,1,4,99,Class1,A,38,145.200,2025-08-23 12:28:00.0000000
20250826,13,12,7,1,36,93,Reject,A,27,184.800,2025-08-26 12:42:00.0000000
20250831,5,54,51,2,31,84,Reject,C,14,72.000,2025-08-31 09:49:00.0000000
20250901,7,42,39,2,21,153,Reject,C,27,105.000,2025-09-01 13:34:00.0000000
20250902,8,31,28,3,32,197,Class1,C,46,158.400,2025-09-02 14:00:00.0000000
20250905,10,37,34,2,3,50,Reject,B,16,71.400,2025-09-05 11:15:00.0000000
20250908,9,12,7,1,20,196,Reject,C,19,89.600,2025-09-08 09:18:00.0000000
20250908,12,4,16,1,30,65,Reject,B,36,117.000,2025-09-08 07:10:00.0000000
20250909,7,42,38,2,24,65,Reject,C,11,71.400,2025-09-09 11:16:00.0000000
20250912,8,60,57,1,27,195,Class1,C,49,146.200,2025-09-12 14:02:00.0000000
20250914,18,2,3,1,6,176,Reject,A,11,172.200,2025-09-14 08:23:00.0000000
20250915,9,36,32,1,4,161,Class2,C,18,90.200,2025-09-15 15:02:00.0000000
20250916,2,37,34,2,21,120,Reject,A,41,166.500,2025-09-16 08:17:00.0000000
20250918,11,36,32,1,3,70,Reject,B,20,110.700,2025-09-18 15:07:00.0000000
20250919,8,36,32,1,9,105,Class2,C,48,189.000,2025-09-19 07:31:00.0000000
20250919,11,36,32,1,46,180,Class2,A,36,206.400,2025-09-19 09:43:00.0000000
20250919,12,4,16,1,2,62,Class1,A,12,163.800,2025-09-19 13:26:00.0000000
20250919,12,12,9,3,9,112,Class1,C,44,220.500,2025-09-19 14:38:00.0000000
20250919,18,59,55,2,4,36,Class2,C,14,146.200,2025-09-19 06:17:00.0000000
20250920,12,12,10,3,32,11,Reject,C,45,104.400,2025-09-20 10:32:00.0000000
20250920,12,57,54,1,9,82,Reject,C,42,110.700,2025-09-20 06:24:00.0000000
20250921,14,32,29,2,30,19,Reject,B,16,48.100,2025-09-21 08:44:00.0000000
20250922,4,32,29,2,31,116,Reject,C,34,144.300,2025-09-22 13:06:00.0000000
20250927,11,49,46,3,3,131,Reject,A,32,129.200,2025-09-27 15:00:00.0000000
20250927,16,53,50,1,41,32,Class1,C,45,184.800,2025-09-27 08:49:00.0000000
20251001,11,2,4,3,6,72,Class2,B,30,108.500,2025-10-01 14:54:00.0000000
20251004,12,63,60,3,32,156,Class2,C,44,136.800,2025-10-04 15:46:00.0000000
20251004,15,18,23,3,29,25,Class2,A,11,44.800,2025-10-04 15:52:00.0000000
20251005,5,1,2,3,44,36,Reject,C,21,147.200,2025-10-05 13:04:00.0000000
20251006,3,26,26,3,6,95,Reject,A,48,144.000,2025-10-06 08:18:00.0000000
20251006,8,14,12,1,7,90,Class1,A,11,37.000,2025-10-06 08:16:00.0000000
20251007,7,46,43,1,5,129,Class1,C,30,166.600,2025-10-07 11:42:00.0000000
20251008,5,2,4,3,25,72,Reject,C,23,89.600,2025-10-08 09:19:00.0000000
20251009,2,14,11,1,28,137,Class1,C,35,89.600,2025-10-09 11:00:00.0000000
20251009,11,2,4,3,1,67,Class2,A,44,136.800,2025-10-09 14:44:00.0000000
20251009,11,61,58,2,8,81,Reject,C,42,95.000,2025-10-09 06:42:00.0000000
20251012,1,3,5,1,49,87,Reject,A,37,116.100,2025-10-12 09:33:00.0000000
20251012,13,4,15,3,35,86,Reject,B,44,44.400,2025-10-12 07:03:00.0000000
20251013,2,42,38,2,40,40,Reject,C,30,123.000,2025-10-13 10:54:00.0000000
20251016,12,40,37,1,9,114,Class2,C,31,67.200,2025-10-16 11:55:00.0000000
20251017,17,2,3,1,40,115,Class2,C,27,40.000,2025-10-17 08:01:00.0000000
20251019,6,38,35,1,43,10,Class1,A,40,155.800,2025-10-19 15:31:00.0000000
20251020,6,50,47,2,12,180,Class1,C,31,42.000,2025-10-20 09:33:00.0000000
20251020,7,31,28,3,26,104,Class1,C,25,158.400,2025-10-20 10:50:00.0000000
20251021,7,43,40,1,27,16,Class2,C,10,84.000,2025-10-21 06:07:00.0000000
20251023,3,4,15,3,32,150,Class1,C,16,45.000,2025-10-23 12:17:00.0000000
20251023,3,36,33,1,21,144,Class1,B,48,140.800,2025-10-23 09:03:00.0000000
20251025,2,49,45,3,1,118,Reject,B,24,129.500,2025-10-25 10:51:00.0000000
20251026,1,1,2,3,20,184,Class2,C,30,98.400,2025-10-26 08:32:00.0000000
20251026,10,4,16,1,7,131,Reject,C,40,101.400,2025-10-26 07:13:00.0000000
20251026,12,26,24,3,18,155,Class1,C,36,98.400,2025-10-26 14:20:00.0000000
20251029,3,23,21,1,4,16,Class2,C,41,147.600,2025-10-29 07:29:00.0000000
20251031,18,4,15,3,44,128,Class1,C,18,175.500,2025-10-31 10:06:00.0000000
20251101,15,40,37,1,11,140,Class2,A,34,44.800,2025-11-01 15:13:00.0000000
20251103,4,60,57,1,46,89,Reject,C,20,39.600,2025-11-03 14:57:00.0000000
20251103,11,49,46,3,36,129,Class2,B,45,117.600,2025-11-03 13:00:00.0000000
20251104,5,12,9,3,38,7,Class2,C,17,159.900,2025-11-04 12:15:00.0000000
20251108,7,55,52,1,34,177,Class1,B,27,34.000,2025-11-08 09:21:00.0000000
20251114,10,12,10,3,25,101,Reject,B,40,108.000,2025-11-14 12:44:00.0000000
20251115,16,2,3,1,34,20,Reject,A,22,124.700,2025-11-15 07:06:00.0000000
20251118,2,49,45,3,41,79,Class2,A,21,88.200,2025-11-18 08:01:00.0000000
20251118,17,2,3,1,7,39,Reject,A,48,126.000,2025-11-18 10:33:00.0000000
20251119,17,63,60,3,49,171,Class1,A,49,71.400,2025-11-19 13:19:00.0000000
20251124,14,16,13,2,30,30,Reject,C,22,89.100,2025-11-24 12:31:00.0000000
20251127,17,7,18,1,38,51,Reject,C,14,133.200,2025-11-27 09:46:00.0000000
20251129,8,45,42,2,47,193,Reject,C,49,48.100,2025-11-29 10:59:00.0000000
20251129,11,55,52,1,34,139,Reject,C,42,144.000,2025-11-29 11:02:00.0000000
20251202,7,44,41,3,18,38,Class1,C,22,118.800,2025-12-02 11:20:00.0000000
20251203,5,12,10,3,16,112,Reject,C,39,135.300,2025-12-03 09:08:00.0000000
20251208,11,3,5,1,47,152,Class1,B,15,115.000,2025-12-08 14:07:00.0000000
20251208,12,61,58,2,35,196,Reject,B,34,108.900,2025-12-08 12:53:00.0000000
20251211,8,14,12,1,12,88,Class1,C,12,92.400,2025-12-11 09:01:00.0000000
20251211,11,21,19,1,15,189,Reject,C,44,152.100,2025-12-11 13:05:00.0000000
20251214,16,21,19,1,40,108,Class1,A,16,42.000,2025-12-14 06:55:00.0000000
20251214,18,26,24,3,31,8,Class1,C,27,125.400,2025-12-14 11:07:00.0000000
20251216,3,12,10,3,39,63,Class1,B,41,57.800,2025-12-16 13:35:00.0000000
20251216,9,43,40,1,46,51,Reject,A,31,148.000,2025-12-16 14:36:00.0000000
20251217,2,16,14,2,5,84,Class2,A,34,52.800,2025-12-17 13:24:00.0000000
20251217,11,56,53,3,30,15,Class1,C,21,176.300,2025-12-17 12:22:00.0000000
20251220,6,23,21,1,4,56,Class2,C,39,188.000,2025-12-20 08:21:00.0000000
20251225,6,42,38,2,20,90,Class1,C,33,96.600,2025-12-25 14:35:00.0000000
20251227,8,42,39,2,40,53,Class1,A,34,108.800,2025-12-27 08:42:00.0000000
