20220101,13,12,8,1,64,SOFT,5,11.10,18.30,7.70
20220104,13,54,51,2,188,BLEMISH,10,8.60,16.10,8.10
20220105,13,61,58,2,22,OTHER,9,7.10,18.50,6.90
20220107,7,31,28,3,83,FLAT,13,9.20,16.60,7.80
20220107,7,42,39,2,35,FLAT,6,8.10,17.20,6.80
20220110,1,60,57,1,29,OTHER,1,7.50,18.50,5.10
20220112,9,52,49,3,153,SOFT,4,8.30,18.30,6.70
20220112,17,26,24,3,50,OTHER,6,10.50,20.60,5.90
20220113,16,61,58,2,35,SOFT,13,7.90,16.90,5.60
20220114,13,62,59,1,33,OTHER,9,8.10,17.70,5.90
20220114,17,12,10,3,93,BLOTCH,0,7.80,18.70,8.10
20220114,17,23,21,1,152,BRUISING,4,10.80,20.80,6.00
20220115,8,57,54,1,51,OTHER,10,10.00,21.40,7.70
20220117,9,3,6,2,170,OTHER,0,8.30,15.20,6.50
20220117,11,7,18,1,21,FLAT,14,9.60,15.30,5.00
20220121,12,32,29,2,198,OTHER,4,10.50,17.60,5.40
20220122,4,36,33,1,71,SOFT,1,7.80,16.20,6.00
20220123,1,16,14,2,1,BRUISING,10,6.90,16.90,6.30
20220123,11,2,4,3,19,OTHER,1,10.00,20.70,5.20
20220125,1,60,57,1,118,SOFT,10,7.20,16.40,7.60
20220125,12,34,31,3,64,OTHER,5,6.80,15.00,7.00
20220127,3,57,54,1,41,OTHER,3,7.30,16.20,5.30
20220131,2,54,51,2,113,FLAT,5,11.40,21.20,8.70
20220201,9,56,53,3,78,BLOTCH,3,10.60,16.00,6.70
20220202,8,47,44,1,103,OTHER,0,11.10,16.00,6.30
20220204,2,23,21,1,71,OTHER,5,9.20,20.30,6.00
20220204,16,45,42,2,49,OTHER,11,11.40,16.50,7.30
20220205,4,57,54,1,126,SOFT,6,11.00,15.80,7.80
20220207,1,60,57,1,116,OTHER,3,10.30,20.20,6.90
20220207,2,12,7,1,70,OTHER,4,8.50,21.10,8.80
20220207,5,60,57,1,164,OTHER,12,8.70,16.70,7.20
20220208,12,49,45,3,175,OTHER,6,7.30,18.00,8.60
20220211,5,57,54,1,86,OTHER,0,8.70,20.10,6.90
20220211,7,3,5,1,169,BLOTCH,0,8.20,21.20,6.10
20220211,7,52,49,3,55,OTHER,8,10.40,17.60,5.00
20220212,1,42,38,2,57,OTHER,14,6.70,15.30,5.30
20220218,11,31,28,3,111,FLAT,10,9.00,20.10,7.80
20220219,8,36,33,1,83,SOFT,3,9.80,20.90,8.00
20220219,8,49,46,3,98,BLOTCH,8,8.40,16.70,8.30
20220222,17,21,19,1,174,FLAT,8,8.40,14.90,5.60
20220225,2,57,54,1,40,OTHER,13,9.70,17.10,8.70
20220228,5,42,38,2,31,OTHER,14,10.00,15.70,5.10
20220301,7,2,4,3,122,BRUISING,9,10.40,18.50,6.60
20220302,1,61,58,2,187,SOFT,8,10.10,18.40,7.70
20220303,7,53,50,1,89,SOFT,3,7.10,16.70,6.80
20220303,18,57,54,1,123,BLOTCH,2,9.90,14.60,6.20
20220310,5,37,34,2,147,OTHER,4,9.60,14.20,6.20
20220313,7,26,25,3,106,BRUISING,7,8.30,14.60,5.00
20220315,3,54,51,2,79,FLAT,0,6.90,14.70,5.60
20220317,17,12,8,1,64,OTHER,12,7.70,20.60,5.90
20220318,6,1,2,3,48,SOFT,12,7.10,16.20,6.50
20220319,4,60,57,1,100,BLEMISH,11,8.80,14.70,8.50
20220319,6,12,9,3,33,BLEMISH,1,11.00,19.30,6.20
20220321,15,34,31,3,56,OTHER,5,7.10,21.80,7.20
20220322,10,4,15,3,109,FLAT,4,8.40,14.80,8.10
20220323,17,42,38,2,193,OTHER,0,9.00,14.70,8.00
20220326,3,33,30,1,61,OTHER,8,10.20,21.40,5.40
20220326,7,44,41,3,175,OTHER,3,10.00,15.30,8.30
20220327,4,56,53,3,113,BRUISING,1,8.20,15.80,7.40
20220329,2,4,16,1,24,OTHER,7,8.70,17.70,8.10
20220329,9,61,58,2,70,FLAT,4,9.50,17.40,7.80
20220329,15,60,57,1,152,BLEMISH,13,10.50,18.10,6.60
20220330,5,32,29,2,76,FLAT,4,7.50,17.90,7.00
20220331,6,26,26,3,54,OTHER,9,9.00,21.00,8.40
20220402,3,54,51,2,134,OTHER,12,10.10,18.80,7.00
20220404,15,1,2,3,63,BRUISING,12,9.10,16.60,6.50
20220405,8,7,17,4,93,SOFT,14,7.20,19.40,8.40
20220406,6,55,52,1,44,BLOTCH,10,8.60,15.40,8.00
20220407,16,1,1,1,72,OTHER,5,7.10,18.50,5.10
20220409,12,3,6,2,83,OTHER,7,9.20,16.00,8.40
20220415,7,4,15,3,22,FLAT,4,10.30,15.50,7.60
20220415,18,49,46,3,100,OTHER,7,8.40,21.60,6.60
20220417,13,36,33,1,57,OTHER,13,6.80,16.10,8.20
20220418,4,26,26,3,36,BLOTCH,13,6.90,19.70,7.60
20220418,7,36,32,1,8,OTHER,5,11.20,16.10,6.20
20220418,17,3,5,1,80,BRUISING,2,8.30,19.50,7.80
20220419,1,23,21,1,175,SOFT,11,7.20,16.40,6.00
20220419,4,59,55,2,199,BLOTCH,1,7.80,15.80,5.50
20220420,12,40,37,1,41,OTHER,13,8.60,14.30,8.60
20220420,16,44,41,3,186,SOFT,6,8.50,15.00,8.40
20220425,5,23,21,1,110,OTHER,11,10.40,20.80,8.50
20220425,7,54,51,2,62,BLOTCH,12,8.60,17.40,5.50
20220425,15,61,58,2,188,SOFT,14,6.90,21.30,6.50
20220425,18,50,47,2,72,BLOTCH,6,7.10,15.00,5.30
20220426,9,22,20,2,31,OTHER,8,8.40,17.80,5.30
20220426,12,42,38,2,86,OTHER,14,7.40,15.20,7.70
20220426,15,12,9,3,166,OTHER,9,8.60,21.40,6.50
20220428,5,62,59,1,35,SOFT,5,7.70,21.80,7.70
20220428,8,62,59,1,120,OTHER,8,9.00,17.40,7.40
20220429,14,46,43,1,63,BLOTCH,8,9.60,21.70,7.40
20220429,15,1,2,3,77,FLAT,7,10.60,19.80,7.90
20220430,5,55,52,1,84,OTHER,0,8.90,20.40,7.90
20220501,3,42,38,2,102,SOFT,0,7.80,15.90,8.50
20220502,5,57,54,1,107,OTHER,8,8.10,21.70,7.20
20220505,13,18,22,3,150,OTHER,0,7.80,18.80,5.90
20220507,11,43,40,1,140,OTHER,0,7.10,15.40,7.60
20220507,16,4,16,1,64,FLAT,5,10.80,21.50,7.40
20220511,3,12,10,3,77,BRUISING,3,6.90,21.70,5.20
20220512,3,18,23,3,175,FLAT,1,8.40,20.30,6.10
20220512,12,1,1,1,124,BLEMISH,5,6.80,15.60,7.70
20220512,15,2,4,3,75,FLAT,5,8.80,20.90,5.10
20220513,9,18,22,3,15,SOFT,5,9.60,16.10,6.50
20220513,13,2,3,1,47,BLOTCH,0,6.50,21.40,8.50
20220514,2,12,8,1,81,OTHER,11,8.80,15.90,8.30
20220514,13,26,25,3,91,OTHER,11,7.90,20.00,6.60
20220515,7,32,29,2,38,BRUISING,7,7.80,20.30,8.70
20220515,7,42,39,2,71,OTHER,8,9.90,14.40,6.00
20220515,11,21,19,1,169,OTHER,6,8.90,18.70,6.20
20220517,3,44,41,3,2,FLAT,10,9.70,21.00,5.00
20220517,4,18,23,3,136,BLEMISH,2,8.00,15.00,8.10
20220519,10,56,53,3,133,BLOTCH,14,9.00,15.10,7.40
20220519,18,7,17,4,4,OTHER,6,10.30,14.10,5.90
20220521,4,36,33,1,108,OTHER,11,11.40,17.00,8.20
20220522,13,12,8,1,152,OTHER,6,10.90,16.90,7.50
20220522,17,34,31,3,190,SOFT,7,9.20,21.90,6.10
20220525,18,61,58,2,13,SOFT,0,9.20,21.00,6.50
20220528,1,18,22,3,141,OTHER,3,10.20,14.80,6.80
20220528,17,53,50,1,113,OTHER,14,7.90,16.90,7.00
20220529,14,16,14,2,113,OTHER,8,8.90,20.10,7.80
20220530,6,4,15,3,176,OTHER,3,7.90,17.80,5.60
20220531,2,1,1,1,56,OTHER,14,7.20,19.50,6.50
20220601,3,12,8,1,56,FLAT,4,9.90,19.40,8.10
20220602,5,59,55,2,169,OTHER,8,10.20,15.30,6.80
20220605,14,7,18,1,24,FLAT,1,10.20,18.00,7.10
20220606,15,55,52,1,113,OTHER,1,9.10,20.20,5.60
20220606,17,2,3,1,192,BRUISING,4,8.10,19.20,7.10
20220607,15,1,1,1,192,OTHER,12,7.50,19.20,6.40
20220609,9,52,49,3,102,BLOTCH,8,9.20,18.40,7.60
20220609,16,14,12,1,3,OTHER,12,7.70,18.00,7.30
20220609,17,42,39,2,75,SOFT,6,6.50,18.30,7.10
20220611,8,26,25,3,56,OTHER,10,7.10,14.50,5.30
20220614,4,39,36,3,122,OTHER,1,8.50,21.60,5.20
20220615,8,33,30,1,60,OTHER,10,7.10,18.80,5.50
20220615,9,14,11,1,110,OTHER,9,6.90,16.70,8.60
20220616,11,12,10,3,2,OTHER,11,10.10,20.00,8.40
20220618,10,49,46,3,3,OTHER,8,10.90,21.20,6.50
20220618,11,50,47,2,193,FLAT,12,7.40,17.90,8.80
20220620,18,43,40,1,36,OTHER,9,9.00,15.00,8.30
20220621,12,49,45,3,122,FLAT,2,9.20,14.90,8.00
20220623,11,33,30,1,45,FLAT,7,10.90,14.60,6.10
20220625,5,4,16,1,172,OTHER,11,11.30,15.30,6.80
20220627,2,2,3,1,192,BRUISING,4,11.40,19.40,5.60
20220630,4,32,29,2,69,FLAT,14,9.70,20.80,6.50
20220701,9,32,29,2,137,OTHER,3,9.10,18.70,5.00
20220703,8,59,55,2,53,OTHER,5,10.70,15.20,8.30
20220704,12,54,51,2,61,OTHER,1,11.40,20.20,7.80
20220705,13,14,12,1,177,OTHER,10,6.50,19.30,7.00
20220706,1,36,32,1,63,OTHER,13,6.90,20.70,8.00
20220708,17,43,40,1,141,OTHER,3,10.60,20.30,7.30
20220711,10,62,59,1,8,OTHER,2,9.30,21.20,8.30
20220715,6,7,18,1,169,FLAT,8,9.10,14.00,6.90
20220718,17,36,33,1,112,OTHER,6,10.70,15.30,5.70
20220719,7,26,24,3,173,SOFT,5,9.20,21.30,8.80
20220720,9,2,4,3,49,SOFT,3,7.00,21.30,5.60
20220722,9,12,10,3,37,BLEMISH,9,10.00,19.80,5.30
20220722,9,14,11,1,55,OTHER,4,11.30,21.90,5.50
20220725,10,40,37,1,114,OTHER,12,7.90,17.50,5.90
20220726,18,51,48,1,31,OTHER,12,8.30,15.00,5.40
20220728,15,26,24,3,4,BRUISING,2,6.70,21.50,8.40
20220728,16,44,41,3,198,OTHER,6,8.20,17.00,8.80
20220729,5,54,51,2,114,FLAT,3,10.30,17.60,8.80
20220729,10,56,53,3,53,FLAT,5,7.20,14.10,5.60
20220730,2,36,32,1,85,FLAT,6,8.90,15.70,6.20
20220731,13,26,26,3,105,BRUISING,1,9.60,17.90,8.50
20220801,11,57,54,1,77,BRUISING,5,11.40,18.40,5.50
20220803,7,32,29,2,40,OTHER,14,10.50,20.00,7.00
20220809,4,50,47,2,118,BRUISING,11,9.80,19.10,6.60
20220809,13,39,36,3,48,SOFT,10,9.10,14.40,7.50
20220817,15,16,14,2,117,SOFT,12,7.90,19.70,7.10
20220819,6,23,21,1,99,BRUISING,10,11.20,20.90,6.10
20220819,12,36,32,1,174,FLAT,9,9.50,18.00,5.50
20220820,3,16,14,2,109,OTHER,1,7.90,20.90,6.90
20220823,18,42,39,2,58,SOFT,9,11.00,20.90,8.30
20220824,14,36,32,1,133,BLOTCH,0,6.90,18.80,8.60
20220826,9,56,53,3,126,BLEMISH,4,9.90,21.50,6.30
20220827,18,33,30,1,189,OTHER,4,9.00,15.10,7.00
20220829,1,18,22,3,136,OTHER,4,8.40,18.60,6.70
20220901,9,7,18,1,47,SOFT,6,7.60,18.10,6.70
20220901,12,31,28,3,78,OTHER,7,7.30,20.80,5.70
20220902,10,36,32,1,175,SOFT,12,8.80,20.80,6.20
20220906,14,31,28,3,114,BRUISING,14,8.00,18.40,5.90
20220908,5,7,17,4,39,FLAT,5,8.50,21.40,7.50
20220908,13,49,46,3,143,BLEMISH,1,10.20,18.80,8.80
20220909,8,14,12,1,111,OTHER,8,9.10,21.30,6.60
20220914,7,18,22,3,169,BRUISING,9,9.20,19.70,7.60
20220915,5,45,42,2,44,OTHER,10,11.30,14.40,6.40
20220916,17,26,25,3,58,OTHER,11,11.00,21.90,7.60
20220918,3,34,31,3,42,BLEMISH,4,6.60,15.60,5.90
20220918,5,61,58,2,200,BRUISING,14,9.40,16.90,7.00
20220921,13,18,22,3,62,BRUISING,7,7.80,20.30,7.30
20220923,18,16,13,2,29,OTHER,14,8.00,16.50,8.40
20220927,3,56,53,3,129,OTHER,13,8.50,20.60,6.00
20220929,2,47,44,1,61,FLAT,5,7.50,19.40,7.60
20220929,17,46,43,1,44,BLEMISH,10,7.90,17.00,5.50
20221001,14,12,10,3,145,OTHER,13,6.70,21.10,7.20
20221002,14,12,9,3,91,OTHER,11,10.10,17.00,8.90
20221006,6,3,6,2,40,BRUISING,8,8.30,15.10,7.30
20221007,13,3,5,1,72,SOFT,13,8.60,17.80,8.30
20221007,15,12,9,3,138,OTHER,3,7.90,20.90,8.70
20221012,18,33,30,1,198,OTHER,5,11.10,17.20,8.00
20221014,12,55,52,1,143,SOFT,2,8.10,15.90,7.00
20221015,1,4,16,1,189,OTHER,5,9.30,20.40,5.80
20221015,5,46,43,1,166,FLAT,7,7.00,14.40,6.10
20221015,15,26,26,3,21,OTHER,3,11.10,16.30,6.60
20221020,17,14,11,1,64,FLAT,10,8.60,20.80,7.00
20221021,9,18,22,3,26,OTHER,3,7.10,19.60,6.70
20221022,7,39,36,3,164,OTHER,1,7.00,16.80,7.60
20221023,9,7,18,1,26,OTHER,5,9.50,16.50,7.70
20221024,2,36,32,1,134,SOFT,8,7.50,19.40,5.50
20221024,9,39,36,3,121,BRUISING,14,9.70,14.30,7.70
20221024,10,63,60,3,85,OTHER,5,6.80,15.40,5.30
20221025,5,59,56,2,146,OTHER,7,11.10,19.70,8.50
20221025,6,60,57,1,179,OTHER,4,9.60,15.70,6.40
20221025,18,12,9,3,136,SOFT,8,7.50,17.70,8.30
20221027,2,60,57,1,46,BRUISING,0,11.10,21.20,6.20
20221027,14,1,2,3,180,OTHER,13,8.70,19.30,7.20
20221027,17,1,1,1,76,SOFT,0,10.50,16.50,7.40
20221028,1,38,35,1,78,BRUISING,4,8.40,17.70,7.40
20221031,17,3,6,2,135,OTHER,10,6.50,17.20,6.60
20221102,12,42,39,2,172,SOFT,10,7.30,19.70,6.80
20221107,11,51,48,1,120,BRUISING,6,10.20,18.00,5.00
20221109,10,56,53,3,43,BLOTCH,5,6.50,14.10,7.50
20221112,10,2,4,3,193,BRUISING,7,8.00,14.00,5.40
20221114,15,4,16,1,129,OTHER,7,8.30,18.50,7.00
20221116,3,39,36,3,142,FLAT,13,9.30,21.60,7.20
20221116,7,36,33,1,111,BLEMISH,10,7.50,19.30,6.20
20221117,12,55,52,1,152,OTHER,9,7.50,19.00,7.50
20221118,18,56,53,3,143,FLAT,0,8.70,18.30,8.00
20221119,10,61,58,2,19,BLEMISH,8,7.20,20.10,5.70
20221120,11,54,51,2,93,FLAT,1,8.90,19.00,7.90
20221121,7,18,23,3,200,FLAT,5,8.30,21.80,8.70
20221121,8,36,33,1,8,OTHER,1,10.00,17.60,8.80
20221123,4,34,31,3,10,OTHER,5,8.60,14.60,7.70
20221123,9,53,50,1,85,OTHER,2,10.20,15.70,5.10
20221123,10,7,17,4,97,FLAT,13,9.90,14.60,8.60
20221123,16,18,23,3,4,OTHER,7,8.50,21.70,5.80
20221124,16,18,22,3,21,OTHER,1,6.80,15.90,5.40
20221126,2,50,47,2,72,SOFT,14,11.00,14.40,6.90
20221127,7,18,23,3,84,BRUISING,10,9.30,17.00,5.10
20221129,16,16,13,2,16,SOFT,14,7.90,19.40,6.50
20221130,5,18,23,3,143,BLEMISH,2,9.70,14.50,7.80
20221201,3,16,14,2,199,BRUISING,7,10.50,16.90,5.20
20221201,16,50,47,2,65,BRUISING,2,8.30,15.30,6.20
20221207,2,36,33,1,14,OTHER,12,7.60,14.80,8.20
20221207,13,14,11,1,59,BLOTCH,11,10.00,14.70,6.00
20221211,3,14,11,1,82,FLAT,7,10.90,18.80,6.20
20221211,8,4,16,1,148,SOFT,11,10.10,16.90,5.60
20221213,3,56,53,3,57,BLEMISH,6,11.00,20.70,5.60
20221213,7,32,29,2,158,BRUISING,13,10.90,21.20,6.80
20221215,1,31,28,3,76,OTHER,3,8.10,20.50,7.00
20221216,10,1,2,3,9,BRUISING,12,10.00,19.60,6.20
20221217,7,31,28,3,137,FLAT,7,7.30,15.00,8.20
20221218,7,62,59,1,137,BRUISING,14,7.20,14.70,6.70
20221218,10,14,11,1,170,BLEMISH,14,9.50,16.00,6.30
20221218,18,33,30,1,42,FLAT,9,7.10,19.00,5.70
20221219,7,1,2,3,71,SOFT,1,8.80,15.00,8.40
20221221,17,42,38,2,88,SOFT,3,9.60,14.40,5.60
20221224,10,12,9,3,162,BLEMISH,12,9.60,18.00,8.80
20221226,14,43,40,1,94,FLAT,13,9.00,17.40,6.70
20221229,12,55,52,1,127,BLOTCH,7,11.10,21.20,8.70
20221229,16,36,32,1,9,BRUISING,12,8.10,17.30,6.80
20221231,1,2,3,1,185,OTHER,8,9.60,15.90,6.50
20221231,12,12,10,3,39,BLEMISH,13,8.60,20.40,5.70
20230103,6,26,25,3,94,OTHER,1,9.00,19.80,8.80
20230104,11,12,9,3,96,FLAT,14,8.10,19.20,5.90
20230104,12,33,30,1,198,OTHER,0,9.50,19.60,5.40
20230105,15,31,28,3,84,BRUISING,3,10.40,14.00,8.30
20230106,17,56,53,3,180,OTHER,5,7.60,17.40,8.90
20230108,6,16,14,2,186,OTHER,1,8.00,18.90,6.80
20230109,9,53,50,1,142,BRUISING,6,7.90,19.80,6.70
20230110,5,2,4,3,96,BRUISING,3,6.60,18.10,5.20
20230111,13,42,38,2,60,BRUISING,4,10.20,20.20,8.60
20230111,14,55,52,1,32,FLAT,12,7.50,20.10,7.90
20230113,15,47,44,1,132,OTHER,7,7.00,19.60,6.00
20230115,4,50,47,2,199,OTHER,0,10.50,21.90,8.10
20230115,17,30,27,1,104,BRUISING,14,7.40,20.00,6.60
20230115,17,30,27,1,161,OTHER,8,10.40,19.60,8.20
20230117,3,51,48,1,53,OTHER,1,10.50,20.30,7.90
20230117,12,32,29,2,128,SOFT,13,8.80,15.90,7.40
20230121,6,37,34,2,11,OTHER,9,11.00,21.60,8.20
20230121,18,47,44,1,163,BRUISING,5,8.70,19.30,5.80
20230127,5,18,23,3,7,BLOTCH,0,10.20,16.40,8.60
20230129,4,12,9,3,156,BLOTCH,5,7.90,19.00,7.80
20230129,4,26,26,3,123,OTHER,7,8.00,18.00,8.70
20230131,1,38,35,1,111,OTHER,9,6.90,18.60,6.50
20230201,2,26,25,3,84,OTHER,13,9.80,15.60,7.80
20230201,14,46,43,1,94,OTHER,13,9.60,18.60,7.70
20230204,4,49,46,3,64,OTHER,2,10.50,15.60,5.40
20230205,12,3,6,2,40,BRUISING,9,8.10,21.70,6.50
20230206,8,52,49,3,122,OTHER,3,7.00,15.20,6.70
20230206,9,51,48,1,35,OTHER,7,6.60,18.80,6.60
20230207,2,30,27,1,81,BLOTCH,3,11.10,20.20,6.50
20230207,14,18,22,3,49,FLAT,1,7.70,19.00,8.60
20230208,13,54,51,2,149,OTHER,10,11.20,20.70,6.00
20230212,1,49,46,3,37,OTHER,12,10.20,18.80,5.00
20230212,9,55,52,1,111,SOFT,6,9.50,18.90,6.20
20230217,16,45,42,2,99,BRUISING,11,6.50,16.40,6.50
20230218,16,22,20,2,89,FLAT,12,6.60,21.70,6.30
20230219,7,12,9,3,123,BRUISING,14,9.00,19.90,5.00
20230220,3,33,30,1,36,BLOTCH,9,7.80,14.80,7.40
20230221,3,12,7,1,198,BRUISING,12,7.10,14.30,5.20
20230221,8,7,18,1,63,OTHER,2,8.90,16.60,6.90
20230222,14,59,56,2,158,OTHER,9,7.20,19.30,7.00
20230224,15,42,39,2,151,OTHER,5,10.90,16.50,5.20
20230225,4,51,48,1,144,BLEMISH,8,7.90,16.40,8.90
20230226,4,59,56,2,139,OTHER,4,8.30,14.30,5.30
20230303,14,30,27,1,24,BLEMISH,5,9.50,15.10,5.70
20230304,2,51,48,1,198,BRUISING,0,9.70,19.40,7.00
20230304,10,18,22,3,36,OTHER,13,10.50,16.10,8.50
20230306,2,30,27,1,54,OTHER,9,9.70,19.10,5.60
20230307,8,3,6,2,24,FLAT,2,9.10,20.00,7.50
20230308,3,59,55,2,197,OTHER,3,9.20,20.20,5.00
20230308,9,2,4,3,38,OTHER,7,7.00,21.80,7.90
20230309,5,2,4,3,191,FLAT,7,8.00,14.00,7.10
20230309,5,34,31,3,140,FLAT,0,7.30,21.50,5.30
20230310,15,16,14,2,117,BLOTCH,4,9.30,19.40,6.10
20230312,17,56,53,3,40,BLEMISH,8,6.60,14.20,7.00
20230313,8,18,23,3,90,BRUISING,0,9.50,20.10,7.00
20230314,7,2,4,3,116,BLEMISH,9,11.10,14.50,6.00
20230318,10,49,46,3,43,SOFT,12,10.40,14.30,6.80
20230321,4,49,46,3,195,FLAT,8,9.40,17.50,8.50
20230322,7,26,25,3,123,SOFT,13,8.60,14.90,7.30
20230322,18,42,39,2,112,BLOTCH,5,11.30,18.20,5.30
20230326,4,60,57,1,174,OTHER,3,8.10,18.20,7.70
20230326,4,61,58,2,65,SOFT,12,6.60,16.50,5.50
20230326,12,36,32,1,9,OTHER,4,6.90,20.50,6.70
20230326,12,57,54,1,50,FLAT,4,8.00,14.60,5.60
20230327,10,7,18,1,150,SOFT,8,9.10,19.70,6.10
20230328,14,31,28,3,70,FLAT,0,6.70,14.70,8.70
20230328,14,60,57,1,159,BLOTCH,4,9.50,15.60,7.40
20230329,1,50,47,2,72,BLEMISH,12,8.50,14.60,5.20
20230329,4,3,5,1,68,OTHER,11,6.60,20.40,5.60
20230329,18,38,35,1,192,BLOTCH,10,7.00,21.80,7.50
20230402,11,14,12,1,108,OTHER,4,7.90,14.60,6.80
20230403,10,30,27,1,77,SOFT,5,7.60,20.30,6.40
20230403,17,43,40,1,85,BRUISING,11,10.70,19.50,7.50
20230404,16,62,59,1,101,OTHER,1,7.20,17.90,8.80
20230404,18,12,7,1,181,BLOTCH,6,8.60,19.20,6.60
20230405,6,7,17,4,89,FLAT,9,7.00,20.90,5.20
20230406,14,59,55,2,4,BRUISING,0,10.40,20.80,6.90
20230408,5,12,10,3,65,OTHER,10,7.70,14.90,8.50
20230408,10,7,17,4,64,OTHER,1,10.30,17.00,7.70
20230408,17,39,36,3,93,BRUISING,10,10.90,20.10,8.60
20230412,14,1,2,3,174,OTHER,13,10.70,19.60,5.70
20230416,3,39,36,3,128,BLEMISH,0,10.30,17.90,5.70
20230416,12,18,23,3,106,OTHER,7,8.90,19.40,8.60
20230421,11,12,10,3,71,BLOTCH,10,8.10,20.40,7.10
20230422,1,51,48,1,187,FLAT,13,8.00,21.10,8.80
20230426,18,7,18,1,154,OTHER,10,10.70,18.60,5.70
20230427,2,14,12,1,70,FLAT,8,8.50,15.00,5.00
20230429,5,7,17,4,56,SOFT,2,9.90,19.30,6.30
20230430,5,2,3,1,52,FLAT,11,9.50,16.50,7.80
20230430,18,16,13,2,66,OTHER,1,7.90,20.70,7.70
20230501,6,26,24,3,30,OTHER,2,10.30,20.70,5.00
20230501,9,3,5,1,185,BRUISING,8,10.00,21.80,5.80
20230502,8,62,59,1,87,BLOTCH,3,8.60,15.30,5.90
20230502,11,40,37,1,48,BRUISING,11,10.10,16.50,8.00
20230504,15,37,34,2,137,OTHER,9,10.30,16.20,5.60
20230505,7,30,27,1,183,FLAT,6,8.30,19.50,6.40
20230506,4,39,36,3,104,OTHER,10,7.70,14.60,5.10
20230510,2,63,60,3,197,BLOTCH,6,7.30,18.00,7.80
20230515,11,1,2,3,66,OTHER,14,7.40,21.20,7.20
20230515,18,7,18,1,139,OTHER,4,7.40,19.80,8.50
20230516,9,47,44,1,131,BRUISING,3,7.40,20.20,8.70
20230517,14,2,4,3,111,FLAT,8,11.20,18.80,8.20
20230518,6,57,54,1,143,FLAT,2,10.10,17.40,7.50
20230520,2,18,23,3,22,OTHER,14,9.50,16.90,6.10
20230521,4,1,1,1,146,OTHER,0,7.80,17.20,6.80
20230525,5,1,1,1,137,SOFT,13,11.00,16.10,5.60
20230526,5,61,58,2,9,BRUISING,13,10.30,14.10,7.40
20230527,1,1,2,3,163,OTHER,6,7.10,19.40,8.20
20230528,5,38,35,1,90,OTHER,12,7.20,18.30,6.70
20230530,5,36,32,1,50,OTHER,4,9.10,20.20,8.10
20230530,11,12,10,3,92,OTHER,12,7.40,14.90,6.20
20230531,8,34,31,3,52,OTHER,13,8.40,21.50,7.80
20230531,18,31,28,3,34,OTHER,6,11.00,17.30,5.10
20230602,10,12,7,1,33,OTHER,2,9.00,19.30,7.10
20230603,16,61,58,2,98,FLAT,6,6.60,16.10,5.00
20230604,10,1,2,3,141,BRUISING,8,7.80,15.50,5.20
20230605,2,55,52,1,98,OTHER,8,9.70,15.70,8.80
20230607,5,31,28,3,50,BRUISING,13,9.10,14.90,5.30
20230607,9,59,55,2,12,FLAT,2,8.40,19.30,5.10
20230608,6,43,40,1,107,SOFT,13,9.30,14.90,5.20
20230608,10,1,2,3,148,BRUISING,9,8.70,15.90,5.60
20230611,1,14,12,1,30,SOFT,4,7.20,20.50,5.50
20230614,17,56,53,3,5,OTHER,8,7.20,17.90,8.30
20230615,4,14,12,1,186,OTHER,9,8.70,18.50,8.20
20230617,12,43,40,1,187,OTHER,11,10.10,20.10,5.10
20230619,3,56,53,3,41,SOFT,6,11.20,19.90,6.80
20230619,16,55,52,1,156,BRUISING,9,10.00,15.10,8.70
20230623,13,4,15,3,148,FLAT,1,6.60,21.10,7.30
20230623,13,36,32,1,146,FLAT,2,9.80,16.30,8.90
20230624,8,39,36,3,13,BLOTCH,6,11.10,20.20,8.00
20230625,8,42,39,2,129,BRUISING,12,8.40,18.40,6.30
20230626,4,63,60,3,98,BLEMISH,3,10.40,14.50,7.10
20230701,1,16,13,2,128,OTHER,11,9.30,18.70,5.70
20230703,17,38,35,1,149,SOFT,8,9.40,15.20,5.50
20230707,16,52,49,3,50,BLEMISH,7,6.90,17.30,8.80
20230710,4,63,60,3,192,OTHER,3,9.20,20.60,6.90
20230710,14,12,10,3,38,OTHER,5,6.60,16.60,8.80
20230710,14,22,20,2,109,OTHER,1,7.40,18.10,7.50
20230713,9,14,11,1,52,BRUISING,12,7.60,14.50,8.70
20230713,9,42,38,2,105,OTHER,6,10.30,15.00,5.80
20230713,12,31,28,3,120,OTHER,0,8.20,14.00,5.50
20230717,15,2,4,3,164,BRUISING,14,10.50,16.10,5.90
20230718,15,12,7,1,69,OTHER,0,10.50,16.00,5.50
20230719,16,37,34,2,172,FLAT,4,8.00,21.40,7.40
20230722,4,12,9,3,22,FLAT,11,8.40,20.70,6.50
20230723,5,34,31,3,114,OTHER,9,8.00,15.90,6.60
20230724,1,22,20,2,147,OTHER,13,10.50,17.40,7.20
20230724,13,49,45,3,110,SOFT,5,8.10,16.20,5.40
20230726,6,1,2,3,168,OTHER,0,7.20,21.30,8.90
20230728,9,2,3,1,90,OTHER,10,7.60,16.10,7.50
20230729,7,22,20,2,47,FLAT,9,9.90,17.50,7.00
20230730,14,62,59,1,183,SOFT,6,9.90,15.80,5.80
20230801,4,51,48,1,198,OTHER,5,7.30,15.10,6.60
20230802,13,54,51,2,170,OTHER,13,9.60,15.70,7.40
20230803,8,33,30,1,1,BRUISING,7,8.10,19.90,8.40
20230803,16,47,44,1,104,FLAT,0,10.90,17.30,8.00
20230804,7,47,44,1,138,BRUISING,7,10.40,15.00,6.60
20230805,2,7,18,1,113,OTHER,2,8.50,18.60,8.00
20230806,3,38,35,1,86,OTHER,9,9.70,18.40,7.60
20230806,11,12,9,3,77,SOFT,6,6.80,18.00,7.90
20230806,13,31,28,3,167,OTHER,4,6.90,14.80,8.20
20230807,8,1,1,1,111,FLAT,14,10.20,14.40,6.90
20230808,2,56,53,3,39,OTHER,14,8.40,14.60,8.70
20230808,4,26,24,3,31,BRUISING,6,10.60,19.40,6.50
20230809,1,2,3,1,109,SOFT,9,8.70,19.60,7.00
20230809,15,1,1,1,35,OTHER,9,8.40,16.80,7.80
20230810,12,43,40,1,200,BRUISING,5,7.80,16.10,5.20
20230812,8,3,6,2,28,BRUISING,3,8.80,21.50,7.00
20230813,13,52,49,3,199,BRUISING,14,8.00,20.80,8.60
20230814,9,36,33,1,64,OTHER,8,7.90,15.40,6.40
20230815,5,40,37,1,80,BLEMISH,14,7.60,19.40,6.60
20230815,9,4,16,1,73,OTHER,7,8.60,17.70,5.80
20230816,5,14,11,1,46,SOFT,1,10.00,15.90,8.80
20230817,16,53,50,1,156,OTHER,6,9.60,21.30,8.90
20230818,3,61,58,2,126,OTHER,4,8.60,21.80,6.10
20230820,2,30,27,1,76,OTHER,13,10.90,19.20,7.80
20230821,1,26,26,3,133,FLAT,13,8.20,15.90,5.60
20230821,5,59,55,2,150,OTHER,1,11.40,15.60,5.30
20230824,1,7,17,4,18,FLAT,1,9.30,17.60,7.70
20230824,4,2,4,3,157,OTHER,3,8.10,18.30,7.50
20230825,5,4,15,3,195,SOFT,5,7.00,20.90,7.10
20230825,10,1,2,3,90,BLEMISH,8,7.40,17.90,5.20
20230826,16,1,1,1,122,BLEMISH,10,7.40,15.90,5.20
20230827,2,26,26,3,78,OTHER,9,9.60,21.60,5.00
20230828,2,3,5,1,120,OTHER,11,9.10,21.10,8.80
20230829,2,39,36,3,56,OTHER,5,10.40,14.90,6.80
20230902,5,22,20,2,172,OTHER,9,9.30,15.00,5.80
20230906,10,43,40,1,89,OTHER,3,10.70,19.60,7.80
20230907,7,21,19,1,196,BLOTCH,11,8.60,19.80,6.00
20230907,18,55,52,1,64,BLEMISH,1,10.00,14.20,6.80
20230909,1,55,52,1,140,OTHER,5,10.60,21.30,5.20
20230909,4,46,43,1,169,BRUISING,3,8.30,20.50,5.60
20230914,7,52,49,3,89,FLAT,12,10.60,19.20,5.10
20230916,11,12,9,3,47,FLAT,2,9.50,18.40,8.10
20230918,5,60,57,1,193,BRUISING,7,10.30,20.70,6.90
20230918,10,32,29,2,101,OTHER,12,7.10,17.80,6.40
20230919,10,4,16,1,176,BLOTCH,10,9.50,20.50,8.00
20230920,10,7,17,4,32,SOFT,12,8.00,19.80,5.50
20230921,4,4,16,1,70,FLAT,12,8.20,15.10,5.20
20230921,4,36,32,1,189,BLEMISH,4,11.40,18.60,6.00
20230923,9,12,8,1,189,OTHER,10,9.60,18.40,8.70
20230925,13,32,29,2,149,SOFT,9,10.50,18.70,8.70
20230926,2,59,56,2,108,OTHER,1,11.40,17.20,7.00
20230926,5,23,21,1,39,FLAT,11,10.50,21.30,7.40
20230926,9,1,2,3,41,SOFT,8,8.20,21.30,6.60
20231005,9,42,38,2,95,BRUISING,5,7.80,20.80,6.20
20231006,13,38,35,1,198,BLEMISH,4,7.70,19.60,8.50
20231006,17,51,48,1,193,SOFT,13,8.50,16.50,5.20
20231011,4,2,4,3,87,OTHER,14,11.10,16.60,6.90
20231011,18,59,56,2,154,FLAT,4,9.90,19.50,7.70
20231012,11,14,12,1,175,FLAT,1,6.90,20.00,6.90
20231013,6,46,43,1,129,BRUISING,8,11.40,14.70,6.70
20231013,9,38,35,1,84,FLAT,6,8.20,21.70,7.00
20231015,15,47,44,1,200,SOFT,13,8.50,17.10,6.60
20231016,18,4,16,1,18,OTHER,6,10.10,19.40,5.50
20231017,1,42,38,2,47,BRUISING,13,7.70,21.80,7.50
20231017,10,55,52,1,47,OTHER,2,9.10,17.40,7.00
20231018,6,50,47,2,86,SOFT,13,6.90,17.40,6.70
20231018,7,59,55,2,60,FLAT,13,7.60,15.90,8.60
20231019,1,57,54,1,10,BLEMISH,12,6.90,20.70,6.90
20231019,8,42,39,2,51,FLAT,7,11.10,15.20,8.00
20231019,12,4,15,3,68,FLAT,2,7.10,16.70,7.90
20231019,13,3,5,1,4,OTHER,14,9.40,20.30,8.50
20231021,13,59,56,2,97,SOFT,14,6.80,18.00,6.10
20231022,10,60,57,1,194,OTHER,12,11.10,14.50,7.30
20231022,11,12,9,3,30,FLAT,7,7.80,21.70,7.90
20231025,10,12,9,3,110,OTHER,10,8.50,15.40,7.40
20231025,15,59,56,2,86,OTHER,5,9.20,21.20,6.50
20231025,18,21,19,1,97,SOFT,2,10.40,16.10,5.50
20231026,18,56,53,3,4,BLOTCH,8,9.00,15.00,5.50
20231028,15,42,39,2,180,BLOTCH,5,9.50,18.40,7.90
20231029,10,36,32,1,133,BLEMISH,4,10.10,20.40,7.50
20231030,3,21,19,1,87,FLAT,4,7.50,19.80,5.90
20231030,3,62,59,1,142,BRUISING,6,7.60,15.70,6.30
20231102,5,42,38,2,55,SOFT,7,6.90,17.70,8.80
20231103,8,50,47,2,68,BLEMISH,3,7.20,17.10,8.60
20231104,18,14,11,1,144,FLAT,14,10.90,21.60,5.20
20231105,4,14,12,1,73,OTHER,9,7.10,21.00,6.80
20231106,17,47,44,1,6,OTHER,13,8.20,16.30,7.50
20231108,5,37,34,2,51,BLEMISH,1,8.30,16.50,5.40
20231109,4,1,1,1,36,BLOTCH,2,9.30,21.60,6.30
20231109,17,44,41,3,1,OTHER,11,7.20,19.20,6.20
20231110,9,1,2,3,103,FLAT,0,10.30,20.40,7.20
20231111,18,2,3,1,50,OTHER,1,9.90,18.70,6.20
20231112,4,40,37,1,102,OTHER,2,11.10,15.30,6.00
20231114,2,12,8,1,84,BLOTCH,8,10.20,15.10,6.50
20231115,7,59,55,2,111,OTHER,5,11.00,19.00,7.30
20231118,1,22,20,2,51,BLEMISH,14,8.10,15.60,6.00
20231119,18,4,16,1,160,BRUISING,10,7.90,19.60,7.70
20231123,11,2,3,1,69,BRUISING,9,10.50,14.20,7.60
20231125,9,42,38,2,120,FLAT,11,11.00,16.70,6.00
20231129,7,55,52,1,178,OTHER,11,10.80,21.10,7.30
20231204,5,7,18,1,152,SOFT,1,7.00,15.80,5.20
20231210,2,37,34,2,156,OTHER,10,8.90,18.90,7.00
20231210,2,46,43,1,199,FLAT,5,9.50,18.80,5.20
20231210,2,55,52,1,84,BRUISING,1,10.60,15.90,7.10
20231210,12,18,22,3,173,SOFT,5,6.80,20.90,5.50
20231210,12,45,42,2,44,SOFT,10,6.90,14.30,8.90
20231211,1,33,30,1,6,OTHER,2,10.20,17.20,7.50
20231212,9,16,14,2,13,BLOTCH,9,8.70,21.40,6.70
20231213,3,2,3,1,103,BLOTCH,0,11.30,15.70,6.60
20231213,10,57,54,1,173,BLOTCH,2,6.70,20.90,6.40
20231215,9,46,43,1,67,BLOTCH,13,7.40,20.40,8.00
20231216,11,50,47,2,127,BLOTCH,10,10.50,16.90,8.40
20231219,15,2,3,1,136,OTHER,5,9.40,18.30,6.90
20231223,3,40,37,1,34,OTHER,2,9.30,18.60,7.40
20231225,3,14,11,1,141,BLEMISH,13,9.80,18.60,6.60
20231226,12,33,30,1,57,BLEMISH,7,7.20,19.10,7.20
20231226,17,3,5,1,16,BRUISING,5,6.90,15.40,5.70
20231228,2,51,48,1,77,FLAT,5,7.40,21.90,7.60
20231229,2,7,18,1,38,OTHER,14,9.10,17.80,6.90
20231229,17,26,26,3,91,BRUISING,5,7.30,14.50,5.00
20231230,2,18,23,3,29,OTHER,9,7.30,18.50,6.50
20240101,3,14,11,1,143,OTHER,1,9.20,19.10,6.00
20240103,9,26,25,3,150,FLAT,3,11.30,16.60,5.00
20240108,4,26,24,3,176,SOFT,4,9.20,19.10,7.60
20240109,4,16,13,2,46,OTHER,12,9.20,19.90,6.60
20240112,7,12,8,1,134,OTHER,14,9.80,20.60,7.90
20240116,18,12,7,1,184,OTHER,14,7.70,21.10,6.90
20240118,8,7,17,4,40,OTHER,11,9.50,17.40,6.10
20240119,2,36,32,1,88,FLAT,8,7.90,18.30,8.20
20240119,11,23,21,1,39,OTHER,3,9.30,17.50,5.40
20240122,5,62,59,1,169,OTHER,2,9.00,18.10,5.00
20240122,11,14,12,1,118,SOFT,6,10.90,16.50,7.50
20240123,12,7,17,4,127,OTHER,14,11.40,21.30,5.40
20240124,2,46,43,1,114,BRUISING,6,8.20,14.90,8.00
20240129,5,7,17,4,156,OTHER,10,11.20,16.80,7.80
20240129,6,23,21,1,33,BLOTCH,9,11.40,15.00,5.10
20240129,8,49,45,3,118,SOFT,11,9.80,20.80,7.30
20240129,10,40,37,1,43,SOFT,7,9.10,18.80,8.70
20240131,8,18,23,3,20,BLEMISH,11,8.70,16.00,8.60
20240201,1,14,12,1,50,OTHER,3,9.90,14.20,7.30
20240201,3,12,7,1,35,OTHER,6,11.10,19.70,5.60
20240203,13,50,47,2,54,SOFT,1,8.50,18.20,5.60
20240203,16,12,7,1,104,SOFT,9,9.70,15.00,8.70
20240203,17,22,20,2,101,OTHER,2,8.70,20.80,7.60
20240206,4,34,31,3,94,BLOTCH,5,8.00,17.00,8.00
20240206,12,2,3,1,103,FLAT,11,7.60,14.70,6.70
20240206,17,12,7,1,13,BRUISING,8,7.30,15.40,8.90
20240209,1,31,28,3,165,FLAT,1,11.30,18.00,5.90
20240211,4,32,29,2,2,OTHER,7,10.50,19.90,6.10
20240215,3,31,28,3,176,BLOTCH,9,7.80,20.50,6.90
20240215,10,37,34,2,40,BLEMISH,14,8.60,20.00,8.10
20240216,3,2,4,3,180,BLOTCH,11,8.40,17.80,8.20
20240217,1,63,60,3,175,BRUISING,1,9.40,16.50,8.80
20240217,3,26,24,3,132,BRUISING,0,8.90,16.80,8.70
20240218,3,37,34,2,152,OTHER,3,7.10,18.30,8.20
20240218,9,40,37,1,188,SOFT,3,7.00,19.20,7.00
20240223,14,46,43,1,59,BLEMISH,4,11.40,20.70,5.60
20240228,9,4,16,1,79,FLAT,10,10.80,14.70,8.10
20240228,13,3,6,2,46,OTHER,1,10.50,14.10,8.10
20240302,10,49,46,3,170,OTHER,9,8.70,21.50,6.80
20240303,10,47,44,1,110,OTHER,14,8.30,15.40,6.40
20240304,9,34,31,3,135,SOFT,12,6.90,16.90,6.40
20240307,2,49,45,3,2,BLOTCH,12,9.70,18.40,8.00
20240308,14,26,25,3,99,OTHER,4,7.80,17.60,5.20
20240311,7,50,47,2,95,FLAT,8,7.60,14.40,5.90
20240312,18,52,49,3,141,OTHER,14,10.70,18.20,7.00
20240314,2,26,25,3,57,OTHER,1,10.80,17.10,6.40
20240316,2,33,30,1,195,SOFT,3,7.40,20.30,6.30
20240316,15,14,11,1,173,BRUISING,7,6.90,20.60,8.40
20240316,17,42,38,2,175,OTHER,3,9.00,15.90,6.10
20240317,2,16,14,2,79,FLAT,2,8.80,21.60,8.60
20240317,4,30,27,1,187,BRUISING,6,10.70,21.20,8.40
20240319,8,53,50,1,174,OTHER,9,7.70,21.30,5.50
20240320,14,31,28,3,62,SOFT,5,8.60,14.60,8.90
20240320,17,57,54,1,162,FLAT,4,8.40,15.20,6.20
20240321,3,36,32,1,3,OTHER,0,7.70,15.70,7.30
20240322,5,26,25,3,191,BLOTCH,6,9.10,15.60,7.60
20240322,10,3,5,1,189,BRUISING,8,7.90,16.50,8.90
20240322,12,33,30,1,102,OTHER,11,10.70,19.60,7.10
20240323,2,26,25,3,41,FLAT,11,10.90,21.70,7.20
20240324,1,46,43,1,149,BLOTCH,13,7.00,20.00,5.20
20240324,15,12,7,1,102,OTHER,6,8.70,15.90,5.60
20240330,1,56,53,3,124,OTHER,7,11.30,16.60,7.30
20240405,16,2,3,1,12,OTHER,9,10.10,14.30,5.60
20240407,14,7,17,4,56,OTHER,9,8.00,18.90,8.10
20240409,7,14,12,1,154,BRUISING,2,8.70,15.50,7.60
20240409,17,12,8,1,177,BLEMISH,4,9.50,18.90,5.80
20240410,13,4,15,3,169,OTHER,8,8.90,16.40,5.70
20240412,6,30,27,1,71,BRUISING,13,8.20,19.10,5.70
20240413,8,62,59,1,102,SOFT,11,7.50,17.70,6.00
20240414,17,16,13,2,161,SOFT,7,11.20,17.30,5.60
20240417,5,7,17,4,67,FLAT,8,6.60,18.10,8.00
20240418,11,23,21,1,93,BLOTCH,0,10.90,20.50,6.50
20240420,6,26,26,3,120,BRUISING,0,10.80,19.70,6.80
20240422,2,49,46,3,91,BLOTCH,5,7.50,15.30,5.80
20240422,12,42,39,2,44,OTHER,1,8.00,18.90,7.10
20240422,15,62,59,1,22,FLAT,9,6.50,14.20,5.80
20240425,3,60,57,1,169,OTHER,12,9.00,15.10,7.10
20240427,13,46,43,1,170,OTHER,1,10.10,20.80,6.40
20240430,4,37,34,2,115,OTHER,0,8.60,21.00,5.60
20240502,10,60,57,1,41,OTHER,6,7.70,19.10,6.70
20240503,16,51,48,1,32,OTHER,2,10.90,21.90,7.50
20240506,6,47,44,1,132,BLOTCH,2,8.90,20.50,7.20
20240506,10,12,8,1,10,OTHER,8,6.60,20.90,6.10
20240507,10,18,23,3,109,BLEMISH,0,7.40,19.90,7.00
20240508,13,12,8,1,145,BLEMISH,13,7.80,15.20,5.90
20240509,3,43,40,1,169,BRUISING,3,11.10,19.80,8.60
20240510,17,52,49,3,157,FLAT,13,7.10,14.40,6.40
20240510,17,55,52,1,195,BRUISING,11,7.70,19.60,7.80
20240512,11,60,57,1,165,OTHER,2,10.00,21.60,7.40
20240512,15,34,31,3,49,BRUISING,8,7.10,21.30,5.00
20240512,18,56,53,3,27,BRUISING,5,10.30,17.10,7.30
20240513,12,40,37,1,31,SOFT,3,9.10,15.70,5.20
20240519,1,54,51,2,189,BRUISING,7,7.10,19.30,6.20
20240519,5,56,53,3,96,BLEMISH,3,6.80,20.20,8.70
20240519,14,3,6,2,5,OTHER,1,7.00,21.40,6.70
20240521,17,45,42,2,75,FLAT,6,7.80,16.90,5.20
20240522,6,4,15,3,11,OTHER,9,7.40,20.70,8.50
20240523,3,40,37,1,188,BRUISING,11,8.10,18.10,7.50
20240524,2,52,49,3,5,OTHER,6,9.50,20.40,8.20
20240525,14,54,51,2,76,OTHER,10,7.60,18.90,6.60
20240526,4,26,25,3,183,OTHER,7,8.50,19.60,5.60
20240527,11,26,25,3,75,SOFT,3,11.10,17.10,8.10
20240529,9,45,42,2,95,OTHER,8,7.30,17.30,5.10
20240530,2,33,30,1,147,OTHER,4,10.50,21.70,7.90
20240601,15,46,43,1,158,OTHER,6,11.30,14.60,7.90
20240602,12,43,40,1,32,OTHER,2,10.00,18.10,8.70
20240603,12,54,51,2,173,BRUISING,4,8.40,15.70,7.10
20240607,13,45,42,2,194,BLEMISH,9,10.80,16.90,8.60
20240610,11,18,23,3,153,BRUISING,12,10.10,19.40,7.90
20240610,14,59,55,2,62,SOFT,4,10.30,19.70,5.10
20240615,8,60,57,1,120,BLOTCH,1,7.70,17.00,8.30
20240616,4,16,13,2,10,OTHER,2,6.50,21.00,8.30
20240616,6,44,41,3,11,SOFT,13,10.50,17.20,6.00
20240617,2,32,29,2,182,BRUISING,5,9.80,19.00,8.80
20240619,5,61,58,2,184,SOFT,9,6.60,16.40,5.50
20240624,6,53,50,1,151,FLAT,11,6.90,20.90,7.40
20240625,5,56,53,3,164,BRUISING,11,8.10,19.30,5.00
20240625,11,18,22,3,57,SOFT,4,9.50,15.60,7.80
20240625,13,46,43,1,123,BLOTCH,5,8.50,18.10,6.20
20240626,11,14,12,1,172,BRUISING,12,8.30,20.00,6.30
20240626,14,40,37,1,81,BLEMISH,5,6.90,16.10,8.40
20240626,17,22,20,2,67,OTHER,12,8.90,15.80,7.50
20240629,10,2,3,1,16,OTHER,7,7.00,14.10,7.50
20240630,1,12,9,3,18,FLAT,7,9.50,16.50,5.70
20240630,18,56,53,3,35,OTHER,11,9.70,18.60,8.80
20240701,4,2,3,1,96,OTHER,13,10.90,14.70,5.40
20240701,16,26,24,3,66,OTHER,0,7.00,16.80,6.70
20240702,16,16,13,2,137,OTHER,5,10.00,19.50,8.60
20240706,14,1,2,3,181,BLEMISH,4,11.00,21.00,7.90
20240707,12,23,21,1,77,OTHER,14,9.00,16.50,8.00
20240710,3,16,14,2,116,OTHER,11,10.90,16.80,7.20
20240710,18,26,24,3,122,FLAT,0,10.60,14.90,8.50
20240712,12,26,25,3,168,BLOTCH,10,7.50,15.70,5.40
20240713,11,26,25,3,67,BLEMISH,5,8.00,14.10,6.80
20240716,11,33,30,1,53,SOFT,13,7.50,17.10,8.00
20240716,17,40,37,1,167,OTHER,5,6.60,17.40,6.50
20240718,10,31,28,3,130,SOFT,7,6.60,17.90,7.30
20240718,10,44,41,3,2,BLOTCH,12,9.30,21.20,5.70
20240720,16,16,13,2,40,FLAT,12,10.30,14.80,6.90
20240721,12,44,41,3,80,SOFT,9,9.40,14.10,5.50
20240723,11,26,24,3,57,OTHER,13,8.00,17.60,5.90
20240730,16,32,29,2,87,OTHER,14,6.70,16.40,5.80
20240804,8,7,17,4,130,BRUISING,11,7.50,16.80,5.40
20240805,5,44,41,3,14,SOFT,3,8.70,15.60,8.50
20240806,3,47,44,1,170,BLEMISH,8,11.40,16.00,6.60
20240809,9,43,40,1,35,FLAT,7,7.30,17.30,8.00
20240810,4,14,11,1,75,SOFT,12,8.40,21.60,5.10
20240815,13,21,19,1,76,FLAT,6,10.40,21.30,8.20
20240815,16,49,46,3,40,OTHER,8,7.90,19.30,6.90
20240818,4,22,20,2,20,OTHER,14,9.90,16.80,6.90
20240821,15,42,39,2,179,OTHER,10,7.00,15.40,7.70
20240822,8,40,37,1,177,BRUISING,5,9.90,21.20,5.20
20240825,8,26,24,3,190,OTHER,14,9.90,14.40,6.20
20240827,9,53,50,1,72,OTHER,12,7.00,18.60,7.70
20240831,3,34,31,3,157,BRUISING,4,7.00,14.30,8.40
20240831,4,16,14,2,158,OTHER,9,11.40,18.20,5.90
20240904,16,37,34,2,160,BLOTCH,11,10.10,18.20,7.60
20240908,4,31,28,3,21,OTHER,9,10.20,20.20,5.80
20240909,11,40,37,1,86,BLEMISH,9,8.70,15.00,7.30
20240910,14,62,59,1,86,FLAT,5,7.90,14.90,8.60
20240911,1,63,60,3,200,BLEMISH,11,10.80,21.80,8.00
20240911,18,3,5,1,200,BLOTCH,10,11.40,17.60,8.30
20240912,8,2,3,1,39,BLEMISH,11,9.30,15.00,7.30
20240914,12,36,32,1,164,FLAT,6,10.20,18.90,5.00
20240918,17,32,29,2,29,BLOTCH,10,11.10,15.80,8.40
20240919,1,52,49,3,89,BRUISING,10,10.30,16.00,6.60
20240921,1,50,47,2,115,BRUISING,5,6.80,17.60,7.10
20240921,6,2,4,3,169,SOFT,1,9.10,14.20,7.90
20240922,7,37,34,2,85,OTHER,13,8.20,14.90,6.10
20240925,15,63,60,3,154,FLAT,0,8.70,21.00,6.10
20240927,12,26,24,3,177,OTHER,6,10.40,17.80,5.30
20240927,18,7,17,4,132,OTHER,7,8.30,18.90,7.00
20240928,5,33,30,1,40,BLEMISH,10,7.80,17.10,5.50
20240928,11,18,23,3,89,OTHER,3,10.10,15.90,7.20
20240930,3,59,56,2,193,BRUISING,0,8.40,19.20,7.60
20240930,9,54,51,2,41,BRUISING,2,8.80,20.40,8.70
20241001,8,44,41,3,160,OTHER,2,6.80,15.10,7.40
20241002,5,21,19,1,115,FLAT,12,6.80,19.20,6.00
20241003,17,26,26,3,142,FLAT,14,9.10,15.60,7.70
20241007,5,45,42,2,18,SOFT,13,7.80,16.10,5.20
20241007,8,44,41,3,153,OTHER,9,7.30,17.70,7.10
20241009,2,18,22,3,146,SOFT,12,9.80,20.20,6.10
20241009,8,61,58,2,4,BRUISING,9,9.10,16.20,5.50
20241011,9,26,25,3,49,FLAT,13,9.70,17.70,6.50
20241014,9,31,28,3,165,OTHER,14,11.40,15.20,7.80
20241014,17,61,58,2,103,OTHER,6,7.50,17.70,6.00
20241015,13,1,1,1,24,BRUISING,7,8.10,16.60,8.20
20241016,6,51,48,1,13,OTHER,12,6.60,18.90,5.10
20241017,3,14,11,1,58,FLAT,11,10.50,21.10,7.80
20241017,10,12,10,3,186,FLAT,12,6.70,20.40,5.50
20241019,18,38,35,1,97,OTHER,14,11.30,17.50,6.70
20241021,6,33,30,1,42,OTHER,3,11.30,14.20,7.80
20241024,8,49,45,3,200,OTHER,9,9.40,18.20,7.50
20241026,11,61,58,2,56,OTHER,5,8.20,17.10,8.00
20241027,4,42,38,2,150,SOFT,4,7.30,18.30,7.30
20241027,13,18,23,3,24,SOFT,5,7.20,19.20,8.70
20241030,14,43,40,1,31,OTHER,8,11.30,19.10,6.80
20241031,9,63,60,3,91,OTHER,6,8.50,16.70,8.10
20241101,17,36,32,1,175,SOFT,7,11.40,15.80,6.90
20241102,14,45,42,2,167,BLOTCH,7,11.00,16.60,8.00
20241104,2,38,35,1,151,BLOTCH,3,7.20,19.50,6.70
20241109,11,49,45,3,85,OTHER,12,10.60,16.20,7.50
20241109,13,12,8,1,178,OTHER,0,9.80,18.90,5.00
20241122,3,21,19,1,53,OTHER,11,6.60,16.20,7.40
20241122,6,36,33,1,110,BLOTCH,12,8.40,17.30,7.10
20241122,7,59,55,2,165,OTHER,10,9.40,20.50,8.90
20241122,8,44,41,3,60,OTHER,6,8.30,16.00,7.80
20241123,1,12,9,3,80,BRUISING,8,6.50,15.00,8.50
20241124,7,16,14,2,33,FLAT,10,9.50,20.90,5.60
20241124,14,54,51,2,73,BLOTCH,1,10.50,21.20,7.90
20241124,15,63,60,3,51,FLAT,5,11.10,16.10,6.60
20241125,6,7,18,1,157,BLEMISH,13,10.40,14.80,7.00
20241128,18,63,60,3,95,FLAT,0,11.20,21.60,7.70
20241130,11,37,34,2,9,OTHER,3,8.60,19.60,6.00
20241203,4,21,19,1,74,OTHER,3,8.40,20.00,7.50
20241204,4,14,11,1,171,BLOTCH,13,6.60,14.70,6.80
20241206,4,3,5,1,182,FLAT,9,7.00,16.80,7.70
20241206,13,23,21,1,149,FLAT,11,8.70,20.10,8.20
20241208,1,4,15,3,107,SOFT,2,6.60,19.00,7.80
20241208,11,32,29,2,31,OTHER,13,10.80,18.30,5.20
20241212,6,56,53,3,102,OTHER,6,10.30,17.20,5.70
20241213,13,63,60,3,196,FLAT,1,8.80,20.60,7.30
20241214,13,1,2,3,175,OTHER,12,6.50,17.90,5.60
20241215,10,59,55,2,130,BRUISING,2,9.50,20.50,5.10
20241216,15,57,54,1,146,OTHER,6,8.60,20.30,7.60
20241217,16,59,55,2,25,OTHER,5,6.60,14.40,7.90
20241220,11,4,15,3,80,BLOTCH,5,10.40,16.10,8.00
20241220,14,2,4,3,104,BLOTCH,12,10.40,16.80,7.00
20241222,3,56,53,3,148,BRUISING,8,7.80,18.70,5.60
20241222,18,44,41,3,176,BLOTCH,0,8.00,14.30,7.00
20241228,5,37,34,2,152,FLAT,14,7.10,18.30,8.80
20250101,10,59,56,2,67,OTHER,1,11.30,19.10,8.30
20250102,4,42,38,2,132,OTHER,11,11.20,20.80,5.60
20250102,6,39,36,3,96,BRUISING,8,8.70,19.90,8.60
20250102,12,1,1,1,67,SOFT,12,8.90,18.40,8.90
20250103,10,38,35,1,11,OTHER,10,6.60,16.80,7.40
20250111,3,12,9,3,18,OTHER,10,10.30,20.80,7.50
20250111,18,40,37,1,11,BLEMISH,9,10.30,14.00,5.50
20250113,18,39,36,3,194,OTHER,7,6.70,21.50,7.20
20250114,3,18,23,3,20,SOFT,8,7.70,16.40,6.40
20250115,1,1,2,3,187,SOFT,4,9.70,15.10,6.20
20250118,4,4,16,1,127,BRUISING,4,8.20,16.30,6.50
20250118,11,3,5,1,186,OTHER,5,8.70,21.30,6.10
20250119,12,51,48,1,117,OTHER,12,8.50,16.90,5.30
20250119,18,3,6,2,77,FLAT,8,11.30,14.10,8.10
20250120,12,32,29,2,166,OTHER,12,7.90,21.70,8.10
20250122,1,2,4,3,156,BRUISING,12,8.40,19.20,7.60
20250122,6,18,23,3,186,FLAT,4,11.20,14.40,8.80
20250122,8,51,48,1,164,OTHER,13,6.50,14.50,8.90
20250123,15,31,28,3,19,OTHER,9,11.40,19.30,6.40
20250124,14,37,34,2,125,FLAT,10,9.50,14.70,6.20
20250125,2,59,56,2,107,OTHER,13,10.50,14.70,5.70
20250129,8,34,31,3,99,BRUISING,5,8.60,20.20,6.90
20250130,1,44,41,3,57,FLAT,4,9.20,21.60,6.80
20250130,13,42,39,2,128,OTHER,1,10.50,18.60,8.90
20250201,16,14,12,1,140,FLAT,0,7.90,20.70,8.40
20250202,15,52,49,3,114,OTHER,2,7.50,15.80,6.60
20250203,14,2,4,3,17,OTHER,9,9.20,19.10,7.80
20250204,4,31,28,3,169,OTHER,4,7.00,21.20,7.70
20250204,11,59,55,2,148,BLOTCH,4,7.80,14.50,8.20
20250206,10,16,13,2,64,OTHER,1,8.60,16.30,8.00
20250206,13,61,58,2,145,BLOTCH,2,9.50,16.00,6.30
20250207,15,22,20,2,186,OTHER,4,6.60,18.30,6.60
20250208,8,2,4,3,190,BRUISING,5,9.70,17.70,6.90
20250210,1,1,1,1,17,SOFT,10,10.90,15.40,7.20
20250210,8,2,3,1,60,BLEMISH,1,10.10,14.30,7.60
20250215,8,47,44,1,17,OTHER,14,8.40,14.30,6.90
20250217,17,46,43,1,165,OTHER,13,7.80,15.70,7.50
20250219,15,18,22,3,57,OTHER,7,10.90,14.10,8.70
20250219,18,34,31,3,52,BRUISING,12,6.50,17.50,6.10
20250220,10,47,44,1,53,OTHER,8,6.50,18.30,7.20
20250220,13,12,8,1,88,BRUISING,5,7.70,18.00,7.50
20250223,2,14,11,1,43,BLEMISH,14,9.70,20.30,7.40
20250224,1,34,31,3,172,OTHER,3,8.40,16.40,5.70
20250224,16,14,11,1,131,OTHER,13,11.20,21.30,7.10
20250225,2,42,39,2,191,SOFT,7,7.70,15.20,6.30
20250225,18,3,5,1,98,OTHER,5,7.50,21.80,5.70
20250227,16,39,36,3,14,BLEMISH,9,8.50,19.20,8.80
20250228,1,12,9,3,129,SOFT,5,8.50,21.90,8.00
20250228,16,55,52,1,100,OTHER,3,11.00,19.70,8.50
20250301,16,26,25,3,41,BRUISING,4,8.80,17.40,8.10
20250302,11,30,27,1,11,FLAT,6,11.30,17.10,6.60
20250303,7,12,8,1,96,BRUISING,13,10.60,21.90,8.60
20250303,14,14,12,1,177,FLAT,1,8.00,19.30,6.00
20250304,8,31,28,3,70,BRUISING,0,7.10,16.80,8.70
20250306,3,63,60,3,56,BLOTCH,1,6.90,14.60,8.30
20250306,16,7,18,1,78,OTHER,9,9.80,18.50,6.20
20250307,4,49,45,3,73,OTHER,9,8.90,14.00,8.90
20250308,18,18,22,3,175,OTHER,11,7.20,14.00,7.10
20250310,17,32,29,2,22,OTHER,13,11.30,15.60,8.30
20250312,4,51,48,1,53,OTHER,8,11.40,19.30,8.80
20250312,14,30,27,1,101,OTHER,5,8.70,14.40,8.60
20250313,18,52,49,3,157,FLAT,12,7.50,16.90,6.80
20250315,7,51,48,1,96,BRUISING,10,8.10,15.30,6.30
20250317,6,60,57,1,104,BLOTCH,14,7.30,14.20,5.20
20250318,5,12,7,1,160,SOFT,10,8.60,16.50,8.90
20250321,13,54,51,2,187,FLAT,13,8.60,15.40,6.40
20250322,11,45,42,2,132,OTHER,11,9.60,21.40,6.10
20250322,15,51,48,1,25,BRUISING,11,11.10,15.90,5.40
20250323,12,22,20,2,159,OTHER,0,8.50,18.90,5.60
20250324,9,46,43,1,177,SOFT,12,8.80,17.80,6.00
20250325,5,44,41,3,155,BRUISING,5,11.10,14.20,7.20
20250325,17,60,57,1,33,BRUISING,9,7.40,14.20,8.60
20250329,6,1,1,1,176,SOFT,10,8.90,17.10,7.30
20250330,11,52,49,3,90,BRUISING,4,7.60,21.90,5.10
20250331,4,32,29,2,122,BRUISING,3,6.50,21.30,6.10
20250401,1,30,27,1,149,OTHER,1,7.70,15.20,7.00
20250401,5,7,18,1,185,BLEMISH,13,7.70,18.80,6.50
20250403,16,45,42,2,17,BLEMISH,0,8.90,17.30,5.30
20250403,18,26,26,3,145,SOFT,5,7.70,14.50,5.70
20250404,11,45,42,2,157,SOFT,10,9.40,15.00,5.50
20250406,3,57,54,1,167,OTHER,5,8.70,17.40,5.20
20250408,1,38,35,1,160,OTHER,2,6.70,16.90,5.80
20250414,11,36,32,1,183,SOFT,6,7.60,16.40,7.20
20250415,9,31,28,3,38,SOFT,12,8.10,16.80,7.60
20250418,2,33,30,1,21,OTHER,2,10.60,20.70,6.30
20250418,10,4,15,3,167,OTHER,5,8.10,15.90,8.60
20250419,13,52,49,3,68,OTHER,4,9.00,15.00,5.70
20250420,6,51,48,1,131,OTHER,10,10.70,21.60,6.10
20250420,15,7,18,1,19,OTHER,4,7.00,17.70,7.80
20250420,17,56,53,3,49,FLAT,6,10.50,19.10,5.60
20250421,13,1,1,1,106,FLAT,4,7.00,16.70,7.00
20250422,8,59,55,2,93,FLAT,4,11.20,16.40,5.00
20250424,6,2,4,3,14,FLAT,13,7.90,14.10,5.10
20250426,14,57,54,1,172,SOFT,3,7.10,15.40,8.50
20250427,15,3,6,2,198,OTHER,6,7.00,20.40,5.30
20250429,2,52,49,3,196,BLEMISH,7,9.30,16.20,5.00
20250429,5,14,12,1,71,FLAT,3,6.50,14.70,7.40
20250502,5,23,21,1,44,OTHER,0,8.90,15.70,5.60
20250502,8,1,2,3,146,OTHER,0,10.00,19.70,5.60
20250507,10,44,41,3,85,BLEMISH,11,6.80,18.80,7.50
20250507,12,51,48,1,73,FLAT,0,7.70,20.60,8.90
20250507,14,55,52,1,12,BRUISING,3,7.40,18.60,5.80
20250512,16,56,53,3,148,FLAT,5,8.20,16.80,5.50
20250513,4,7,17,4,15,OTHER,10,8.70,16.90,8.20
20250513,5,23,21,1,195,FLAT,10,6.80,15.90,7.10
20250514,3,40,37,1,16,OTHER,13,8.60,20.10,6.60
20250520,2,32,29,2,115,BLOTCH,5,8.40,21.20,8.50
20250520,18,3,6,2,143,OTHER,2,7.10,21.30,5.40
20250527,1,14,12,1,2,BRUISING,11,7.70,21.80,8.70
20250528,1,42,39,2,63,OTHER,2,9.00,14.00,7.90
20250530,6,50,47,2,183,BRUISING,1,6.70,15.30,5.40
20250531,3,57,54,1,145,BLEMISH,4,7.40,20.00,7.00
20250531,15,21,19,1,139,OTHER,5,8.30,16.50,8.20
20250602,7,14,11,1,13,OTHER,8,8.90,16.90,7.40
20250602,17,26,26,3,77,BRUISING,5,9.30,21.90,7.80
20250604,4,12,8,1,161,BRUISING,4,7.10,19.60,8.90
20250604,8,60,57,1,84,SOFT,5,9.20,16.20,7.60
20250605,16,26,26,3,18,BLEMISH,4,7.30,17.40,8.90
20250606,2,3,6,2,114,BRUISING,5,9.40,16.10,7.20
20250606,6,36,33,1,108,SOFT,9,9.00,20.30,5.00
20250607,10,4,15,3,130,OTHER,3,9.80,17.30,7.10
20250608,8,7,17,4,130,BRUISING,14,6.80,20.80,8.90
20250609,9,7,18,1,143,OTHER,12,6.90,19.80,8.00
20250615,4,39,36,3,160,SOFT,1,7.00,16.60,7.40
20250616,12,3,6,2,105,BRUISING,5,8.80,14.60,7.80
20250619,12,33,30,1,79,OTHER,11,7.10,17.60,7.00
20250621,6,12,8,1,12,SOFT,1,9.20,15.10,8.90
20250625,4,2,3,1,89,OTHER,4,8.70,17.70,6.60
20250627,16,59,56,2,98,FLAT,2,8.00,21.60,6.40
20250628,3,63,60,3,159,SOFT,9,11.30,15.40,8.60
20250629,7,12,7,1,41,SOFT,8,10.70,21.60,8.40
20250702,11,46,43,1,7,OTHER,9,7.90,15.30,5.00
20250703,10,21,19,1,56,OTHER,0,10.70,15.20,8.50
20250703,12,63,60,3,25,BLOTCH,8,6.60,16.60,8.70
20250704,3,16,14,2,118,OTHER,9,10.10,16.70,5.30
20250705,1,3,5,1,119,OTHER,9,7.20,20.40,5.10
20250707,11,59,55,2,30,BRUISING,1,10.20,20.80,5.60
20250710,8,53,50,1,175,BLEMISH,8,7.40,16.80,7.80
20250710,10,59,56,2,45,BRUISING,14,9.90,16.10,6.30
20250714,5,56,53,3,113,OTHER,10,11.10,16.00,5.60
20250716,8,61,58,2,4,OTHER,0,9.70,15.60,5.70
20250717,1,46,43,1,157,OTHER,12,8.60,21.80,8.30
20250717,3,21,19,1,17,OTHER,4,10.10,17.20,8.80
20250717,5,36,32,1,36,OTHER,0,8.90,21.00,6.60
20250718,14,26,24,3,156,OTHER,10,7.30,20.50,6.50
20250720,9,59,55,2,57,OTHER,5,8.10,16.30,8.00
20250721,13,2,3,1,10,OTHER,11,8.70,17.60,8.70
20250724,11,4,15,3,38,BLEMISH,6,7.90,16.00,8.80
20250724,15,62,59,1,47,OTHER,1,9.00,14.20,8.60
20250726,17,62,59,1,97,OTHER,0,8.10,15.60,7.30
20250728,4,12,8,1,114,OTHER,10,7.30,20.80,7.90
20250801,7,2,3,1,135,FLAT,2,10.00,20.70,6.80
20250801,8,22,20,2,10,OTHER,10,10.90,18.90,7.10
20250801,17,52,49,3,88,FLAT,6,7.00,19.60,5.50
20250802,9,12,8,1,192,FLAT,0,8.50,17.80,6.50
20250804,7,4,15,3,69,OTHER,10,10.20,20.50,8.50
20250807,4,56,53,3,200,OTHER,10,10.40,19.50,5.90
20250807,8,49,45,3,102,SOFT,2,11.30,21.90,6.00
20250808,18,59,56,2,121,OTHER,12,6.80,15.50,6.30
20250810,9,1,2,3,192,SOFT,13,8.30,20.00,6.60
20250813,2,2,4,3,125,BLOTCH,4,8.90,14.90,7.20
20250813,3,40,37,1,151,SOFT,8,8.50,17.20,8.30
20250813,6,1,2,3,8,SOFT,3,8.00,20.00,7.90
20250815,9,31,28,3,171,OTHER,11,9.80,15.60,6.30
20250819,6,44,41,3,8,BRUISING,0,7.70,16.60,8.70
20250821,5,3,5,1,153,BLEMISH,12,10.70,16.20,8.70
20250822,2,2,3,1,121,FLAT,13,9.30,15.40,5.70
20250823,1,16,13,2,146,FLAT,8,9.50,21.30,8.50
20250824,11,36,33,1,46,BLEMISH,8,10.40,19.50,6.50
20250824,15,38,35,1,90,OTHER,0,10.60,17.10,7.30
20250825,12,37,34,2,49,OTHER,7,9.50,19.70,7.70
20250826,6,56,53,3,58,OTHER,12,11.40,14.70,7.50
20250826,13,61,58,2,121,SOFT,1,10.40,21.00,6.70
20250901,8,62,59,1,126,OTHER,2,7.30,18.10,8.40
20250901,17,59,56,2,95,BLOTCH,7,8.00,17.30,5.70
20250902,3,52,49,3,91,FLAT,5,9.10,18.70,6.00
20250903,7,14,11,1,149,OTHER,8,10.10,16.80,6.10
20250903,15,61,58,2,9,OTHER,2,6.80,19.70,8.70
20250904,17,42,38,2,131,OTHER,1,10.30,19.70,5.60
20250907,9,32,29,2,8,BLEMISH,8,7.30,21.30,8.50
20250911,2,50,47,2,56,SOFT,13,8.00,21.30,6.90
20250913,1,23,21,1,74,OTHER,8,6.50,17.70,7.20
20250914,3,14,11,1,120,OTHER,7,7.70,21.40,5.70
20250916,18,14,12,1,56,SOFT,6,8.10,14.30,6.20
20250918,1,46,43,1,16,OTHER,1,8.80,17.90,7.20
20250918,5,32,29,2,183,SOFT,11,9.40,18.40,5.10
20250920,5,33,30,1,91,BLEMISH,10,8.10,16.20,5.80
20250920,5,46,43,1,97,BRUISING,13,6.50,21.00,8.90
20250924,12,16,14,2,156,BLOTCH,6,9.80,21.50,5.60
20250924,12,36,32,1,188,SOFT,10,9.10,21.20,8.30
20250925,2,23,21,1,128,OTHER,0,10.30,19.30,8.00
20250925,12,33,30,1,157,OTHER,7,10.90,20.30,7.60
20250927,10,16,14,2,22,SOFT,13,10.90,14.40,8.90
20250928,2,42,38,2,27,BLEMISH,5,10.10,21.60,5.20
20250928,2,50,47,2,180,BLOTCH,14,9.00,19.60,7.50
20250929,8,31,28,3,4,BLEMISH,14,7.60,14.10,6.60
20250930,7,32,29,2,87,FLAT,14,8.30,20.00,8.20
20251002,8,3,6,2,28,OTHER,5,7.40,19.70,7.80
20251009,5,33,30,1,148,BLEMISH,13,7.80,18.90,8.70
20251011,14,42,38,2,5,OTHER,9,9.50,19.70,8.50
20251012,17,12,9,3,180,FLAT,13,7.40,17.50,6.70
20251012,18,44,41,3,160,BRUISING,10,8.20,19.20,5.80
20251015,1,61,58,2,90,BLOTCH,5,11.30,14.90,6.00
20251016,15,49,46,3,172,OTHER,9,9.30,20.60,7.60
20251018,3,36,33,1,94,BLEMISH,12,9.20,17.80,5.80
20251018,11,26,24,3,93,OTHER,12,9.70,20.90,8.00
20251024,8,63,60,3,87,BLOTCH,0,9.00,21.10,8.80
20251025,8,49,46,3,193,OTHER,7,8.40,20.30,5.70
20251026,6,2,3,1,4,BLOTCH,13,9.90,17.70,5.70
20251029,11,12,7,1,183,BLEMISH,5,10.10,15.80,8.00
20251029,13,59,56,2,99,OTHER,5,8.80,14.90,5.70
20251031,4,1,2,3,35,BLEMISH,10,7.50,20.10,6.70
20251031,13,39,36,3,181,BLOTCH,6,9.10,21.70,7.10
20251102,7,33,30,1,161,SOFT,8,11.40,20.90,6.90
20251103,11,43,40,1,142,BLOTCH,0,8.40,16.70,6.60
20251104,5,4,15,3,125,OTHER,5,9.80,20.20,7.60
20251110,7,39,36,3,91,OTHER,8,10.80,19.50,7.60
20251111,6,22,20,2,17,BLOTCH,3,10.50,21.80,5.40
20251112,8,32,29,2,56,BRUISING,8,7.20,18.90,5.60
20251115,1,12,10,3,162,OTHER,0,9.10,20.80,7.40
20251115,14,31,28,3,47,BLEMISH,10,6.90,15.90,7.80
20251116,4,2,3,1,23,FLAT,5,7.90,14.50,7.10
20251116,10,16,13,2,170,BRUISING,11,6.80,20.70,8.80
20251117,8,38,35,1,101,OTHER,3,8.30,16.00,8.70
20251117,16,63,60,3,120,OTHER,3,7.00,21.70,7.00
20251119,15,39,36,3,145,OTHER,10,7.50,16.10,6.20
20251120,5,42,38,2,32,FLAT,7,8.20,14.40,6.30
20251120,11,32,29,2,10,BRUISING,8,9.30,17.00,8.90
20251120,16,37,34,2,143,OTHER,0,9.30,18.00,5.50
20251121,7,59,56,2,23,OTHER,12,8.10,17.10,8.90
20251121,13,2,4,3,67,SOFT,0,8.20,15.70,5.70
20251122,14,26,26,3,112,FLAT,13,10.10,17.90,6.20
20251122,14,37,34,2,168,FLAT,12,10.80,20.60,7.90
20251123,12,18,22,3,197,BRUISING,9,10.90,15.40,6.70
20251123,18,40,37,1,90,OTHER,1,7.30,21.80,8.70
20251124,16,31,28,3,101,FLAT,13,10.50,16.40,5.20
20251125,11,12,8,1,88,BRUISING,14,9.80,18.10,6.00
20251125,13,14,11,1,148,OTHER,7,8.10,19.60,7.40
20251128,14,39,36,3,187,OTHER,2,7.00,14.00,5.80
20251202,17,30,27,1,129,BRUISING,5,7.50,20.40,7.80
20251207,1,12,8,1,158,FLAT,0,7.00,14.60,6.60
20251208,2,30,27,1,48,BLEMISH,3,8.50,21.40,6.20
20251211,2,3,6,2,165,BLEMISH,14,6.60,16.20,7.80
20251212,17,2,4,3,17,SOFT,0,10.90,16.80,5.70
20251215,18,26,24,3,6,OTHER,3,8.60,18.40,7.20
20251216,6,44,41,3,91,BRUISING,11,6.70,15.10,5.50
20251219,2,36,33,1,104,OTHER,11,9.00,15.60,7.40
20251219,9,45,42,2,191,SOFT,7,8.10,18.10,7.70
20251220,10,12,8,1,169,SOFT,13,7.30,18.50,7.00
20251222,15,44,41,3,12,OTHER,1,8.50,21.00,5.80
20251223,6,46,43,1,178,OTHER,10,8.30,15.50,8.50
20251225,17,53,50,1,125,BRUISING,3,10.30,15.40,6.50
20251227,14,59,55,2,168,BLEMISH,12,10.70,16.60,6.60
20251227,15,54,51,2,39,BRUISING,2,9.50,17.10,7.10
20251228,16,56,53,3,173,OTHER,1,10.80,20.10,5.20
20251230,2,30,27,1,125,BRUISING,9,9.90,19.50,5.20
20251230,14,21,19,1,54,SOFT,6,7.90,14.60,7.30
